,Unnamed: 0,Country,Rank,HappinessScore,Family,GDP,HealthLifeExpectancy,Freedom,Trust_GovCorruption,Generosity,Year,Trust_GovCorruptionlog,Generositylog,continent_Africa,continent_Asia,continent_Australia,continent_Europe,continent_North_America,continent_South_America
0,0,Switzerland,1,7.5870000000000015,1.34951,1.39651,0.94143,0.66557,0.41978,0.29678000000000004,2015,-0.8680245144646671,-1.2147641554041566,0,0,0,1,0,0
1,1,Iceland,2,7.561,1.40223,1.30232,0.94784,0.6287699999999999,0.14145,0.4363,2015,-1.955808981234561,-0.829425198852573,0,0,0,1,0,0
2,2,Denmark,3,7.527,1.36058,1.32548,0.87464,0.6493800000000001,0.48357,0.34139,2015,-0.7265591969051876,-1.0747297602048624,0,0,0,1,0,0
3,3,Norway,4,7.522,1.33095,1.459,0.88521,0.66973,0.36503,0.34699,2015,-1.007775736996383,-1.0584593178943411,0,0,0,1,0,0
4,4,Canada,5,7.427,1.32261,1.32629,0.90563,0.63297,0.32957,0.45811,2015,-1.1099665045068148,-0.7806459490327824,0,0,0,0,1,0
5,5,Finland,6,7.4060000000000015,1.31826,1.29025,0.8891100000000001,0.64169,0.41372,0.23351,2015,-0.8825658624725342,-1.454530376237753,0,0,0,1,0,0
6,6,Netherlands,7,7.377999999999999,1.28017,1.32944,0.89284,0.6157600000000001,0.31814000000000003,0.4761,2015,-1.1452637415119225,-0.7421273627816639,0,0,0,1,0,0
7,7,Sweden,8,7.364,1.2890700000000002,1.33171,0.91087,0.6598,0.43844,0.36262,2015,-0.8245323066346144,-1.0143998249844743,0,0,0,1,0,0
8,8,New Zealand,9,7.286,1.31967,1.2501799999999998,0.90837,0.6393800000000001,0.42922,0.47501,2015,-0.8457856709888014,-0.7444194225375205,0,0,1,0,0,0
9,9,Australia,10,7.284,1.30923,1.33358,0.93156,0.6512399999999999,0.35637,0.43562,2015,-1.031785762012579,-0.8309849752950551,0,0,1,0,0,0
10,10,Israel,11,7.278,1.22393,1.2285700000000002,0.91387,0.41319,0.07785,0.33172,2015,-2.5529713807021297,-1.103464039399134,0,1,0,0,0,0
11,11,Costa Rica,12,7.226,1.23788,0.95578,0.8602700000000001,0.63376,0.10583,0.25497,2015,-2.245921245876504,-1.3666093878034926,0,0,0,0,1,0
12,12,Austria,13,7.2,1.29704,1.33723,0.8904200000000001,0.62433,0.18676,0.33088,2015,-1.6779309088794008,-1.1059995071021274,0,0,0,1,0,0
13,13,Mexico,14,7.187,0.91451,1.02054,0.8144399999999999,0.48181,0.21312,0.14074,2015,-1.5458998916301128,-1.9608410624437342,0,0,0,0,1,0
14,14,United States,15,7.119,1.24711,1.39451,0.86179,0.54604,0.1589,0.40105,2015,-1.8394802054394668,-0.9136691711692034,0,0,0,0,1,0
15,15,Brazil,16,6.983,1.23287,0.98124,0.69702,0.49049,0.17521,0.14574,2015,-1.7417700244831409,-1.925931066740001,0,0,0,0,0,1
16,16,Luxembourg,17,6.9460000000000015,1.21963,1.56391,0.91894,0.61583,0.37798,0.28034000000000003,2015,-0.9729139948152457,-1.2717521267472254,0,0,0,1,0,0
17,17,Ireland,18,6.94,1.36948,1.33596,0.89533,0.6177699999999999,0.28703,0.45901,2015,-1.2481685390686308,-0.7786832826665394,0,0,0,1,0,0
18,18,Belgium,19,6.937,1.28566,1.30782,0.8966700000000001,0.5845,0.2254,0.2225,2015,-1.4898786773764612,-1.502828177375842,0,0,0,1,0,0
19,19,United Arab Emirates,20,6.901,1.12575,1.42727,0.80925,0.64157,0.38583,0.26428,2015,-0.952358421036032,-1.330746131820452,0,1,0,0,0,0
20,20,United Kingdom,21,6.867000000000001,1.28548,1.26637,0.90943,0.59625,0.32067,0.51912,2015,-1.1373427220281729,-0.655620208669224,0,0,0,1,0,0
21,21,Oman,22,6.853,1.08182,1.36011,0.76276,0.63274,0.32524000000000003,0.21542,2015,-1.1231919076425,-1.535165668059513,1,0,0,0,0,0
22,22,Venezuela,23,6.81,1.25596,1.04424,0.7205199999999999,0.42908,0.11069,0.05841,2015,-2.2010217775846046,-2.840268170929919,0,0,0,0,0,1
23,23,Singapore,24,6.797999999999999,1.02,1.52186,1.02525,0.54252,0.4921,0.31105,2015,-0.7090733311102045,-1.1678016080211082,0,1,0,0,0,0
24,24,Panama,25,6.7860000000000005,1.1985,1.06353,0.79661,0.5421,0.0927,0.24434,2015,-2.3783868064103277,-1.4091945810062232,0,0,0,0,1,0
25,25,Germany,26,6.75,1.29937,1.32792,0.89186,0.6147699999999999,0.21843,0.28214,2015,-1.5212896819074075,-1.2653518773357808,0,0,0,1,0,0
26,26,Chile,27,6.67,1.12447,1.10715,0.85857,0.44132,0.12869,0.33363000000000004,2015,-2.0503488674765635,-1.0977226844832766,0,0,0,0,0,1
27,27,Qatar,28,6.6110000000000015,1.0786,1.69042,0.79733,0.6404,0.52208,0.32573,2015,-0.6499344461371266,-1.121686461638711,0,1,0,0,0,0
28,28,France,29,6.575,1.2603799999999998,1.27778,0.94579,0.55011,0.20646,0.12332,2015,-1.577648589944693,-2.0929726759641873,0,0,0,1,0,0
29,29,Argentina,30,6.574,1.24823,1.05351,0.78723,0.44974,0.08484,0.11451,2015,-2.4669881492856556,-2.167093123556889,0,0,0,0,0,1
30,30,Czech Republic,31,6.505,1.20643,1.17898,0.84483,0.46364,0.02652,0.10686,2015,-3.6298561136644754,-2.236235712452512,0,0,0,1,0,0
31,31,Uruguay,32,6.485,1.2089,1.06166,0.8116,0.6036199999999999,0.24558,0.2324,2015,-1.4041325192497704,-1.4592952540043809,0,0,0,0,0,1
32,32,Colombia,33,6.477,1.2401799999999998,0.91861,0.69077,0.53466,0.0512,0.18401,2015,-2.972015746936675,-1.692765175023854,0,0,0,0,0,1
33,33,Thailand,34,6.455,1.26504,0.9669,0.7385,0.5566399999999999,0.03187,0.5763,2015,-3.446090150552892,-0.5511269205395163,0,1,0,0,0,0
34,34,Saudi Arabia,35,6.4110000000000005,1.0839299999999998,1.39541,0.72025,0.31048000000000003,0.32524000000000003,0.13706,2015,-1.1231919076425,-1.9873364928244595,0,1,0,0,0,0
35,35,Spain,36,6.329,1.31379,1.23011,0.95562,0.45951,0.06398,0.18227,2015,-2.749184744460765,-1.702266174745295,0,0,0,1,0,0
36,36,Malta,37,6.3020000000000005,1.30203,1.2074,0.88721,0.60365,0.13585999999999998,0.51752,2015,-1.9961303352189814,-0.6587071072464071,0,0,0,1,0,0
37,37,Taiwan,38,6.297999999999999,1.07617,1.29098,0.8753,0.3974,0.08129,0.25376,2015,-2.509732271223656,-1.371366340535654,1,0,0,0,0,0
38,38,Kuwait,39,6.295,1.16594,1.5542200000000002,0.72492,0.55499,0.25609,0.16228,2015,-1.3622263337861902,-1.8184320406438905,0,1,0,0,0,0
39,39,Suriname,40,6.269,0.972,0.99534,0.6082,0.5965699999999999,0.13633,0.16990999999999998,2015,-1.9926768617840986,-1.77248639388447,1,0,0,0,0,0
40,40,Trinidad and Tobago,41,6.167999999999998,1.18354,1.21183,0.61483,0.55884,0.0114,0.31844,2015,-4.474141923581687,-1.1443212047617597,0,0,0,0,1,0
41,41,El Salvador,42,6.13,1.02507,0.76454,0.67737,0.4035,0.11776,0.10692,2015,-2.139106624001571,-2.235674387711419,0,0,0,0,1,0
42,42,Guatemala,43,6.122999999999998,1.04356,0.74553,0.64425,0.57733,0.09472,0.27489,2015,-2.3568301078464415,-1.2913842613369053,0,0,0,0,1,0
43,43,Uzbekistan,44,6.002999999999999,1.34043,0.63244,0.59772,0.6582100000000001,0.30826,0.22837,2015,-1.1768116962635633,-1.4767881583386366,0,1,0,0,0,0
44,44,Slovakia,45,5.995,1.26999,1.16891,0.7890199999999999,0.31751,0.03431,0.16893,2015,-3.372318422111779,-1.7782708510475003,0,0,0,1,0,0
45,45,Japan,46,5.987,1.25712,1.27074,0.99111,0.49615,0.1806,0.10705,2015,-1.711470637999252,-2.2344592639464453,0,1,0,0,0,0
46,46,South Korea,47,5.984,0.95774,1.24461,0.96538,0.33208000000000004,0.07857,0.18557,2015,-2.5437653317944067,-1.6843231096258895,0,1,0,0,0,0
47,47,Ecuador,48,5.975,0.99903,0.8640200000000001,0.79075,0.48574,0.1809,0.11540999999999997,2015,-1.7098108865808876,-2.159264273549824,0,0,0,0,0,1
48,48,Bahrain,49,5.96,1.21624,1.32376,0.74716,0.45492,0.306,0.17362,2015,-1.1841701770297564,-1.7508862760184751,0,1,0,0,0,0
49,49,Italy,50,5.948,1.19777,1.25114,0.95446,0.26236,0.02901,0.22823,2015,-3.5401146808488244,-1.4774013865663511,0,0,0,1,0,0
50,50,Bolivia,51,5.89,0.97841,0.68133,0.5392,0.57414,0.08800000000000001,0.20536,2015,-2.4304184645039304,-1.5829907424192522,0,0,0,0,0,1
51,51,Moldova,52,5.8889999999999985,1.01528,0.59448,0.61826,0.32818,0.01615,0.20951,2015,-4.125835229313472,-1.5629838080622163,0,0,0,1,0,0
52,52,Paraguay,53,5.877999999999999,1.30477,0.75985,0.66098,0.53899,0.08242000000000001,0.3424,2015,-2.4959271530714657,-1.0717756347145502,0,0,0,0,0,1
53,53,Kazakhstan,54,5.855,1.12241,1.12254,0.64368,0.51649,0.08454,0.11827,2015,-2.470530483843493,-2.1347851327191116,0,1,0,0,0,0
54,54,Slovenia,55,5.848,1.27385,1.18498,0.8733700000000001,0.60855,0.03787,0.25328,2015,-3.2735960370684336,-1.373259682849435,0,0,0,1,0,0
55,55,Lithuania,56,5.832999999999998,1.25745,1.14723,0.73128,0.21342,0.01031,0.026410000000000003,2015,-4.574640980953268,-3.634012552673096,0,0,0,1,0,0
56,56,Nicaragua,57,5.8279999999999985,1.14184,0.59325,0.7431399999999999,0.55475,0.19317,0.27815,2015,-1.644184648763935,-1.2795947424608347,0,0,0,0,1,0
57,57,Peru,58,5.824,0.97459,0.9001899999999999,0.73017,0.4149600000000001,0.05989,0.14982,2015,-2.815245732705766,-1.8983207054624,0,0,0,0,0,1
58,58,Belarus,59,5.813,1.23289,1.0319200000000002,0.7360800000000001,0.37938,0.1909,0.11046,2015,-1.6560055482504352,-2.2031018145090955,0,0,0,1,0,0
59,59,Poland,60,5.791,1.27948,1.12555,0.77903,0.53122,0.04212,0.16759000000000002,2015,-3.1672325917163624,-1.7862347585853549,0,0,0,1,0,0
60,60,Malaysia,61,5.77,1.07023,1.12486,0.7239399999999999,0.5302399999999999,0.10501,0.33075,2015,-2.253699695264235,-1.106392475987072,0,1,0,0,0,0
61,61,Croatia,62,5.759,0.79624,1.08254,0.78805,0.25883,0.0243,0.05444,2015,-3.7172789286356345,-2.910656101198872,0,0,0,1,0,0
62,62,Libya,63,5.754,1.1186200000000002,1.13145,0.7038,0.41668,0.11023,0.18295,2015,-2.205186187006913,-1.6985423875169212,1,0,0,0,0,0
63,63,Russia,64,5.716,1.23617,1.13764,0.6692600000000001,0.36679,0.03005,0.00199,2015,-3.5048926180009206,-6.219620640245736,0,0,0,1,0,0
64,64,Jamaica,65,5.709,1.1510200000000002,0.81038,0.6874100000000001,0.50442,0.02299,0.2123,2015,-3.772695940207047,-1.5497549102729267,0,0,0,0,1,0
65,65,North Cyprus,66,5.695,1.07008,1.20806,0.92356,0.49027,0.1428,0.26169000000000003,2015,-1.946310229076653,-1.3405946818689,0,0,0,1,0,0
66,66,Cyprus,67,5.689,0.89318,1.20813,0.92356,0.40672,0.06146,0.30638000000000004,2015,-2.7893687222797983,-1.1829291173975869,0,0,0,1,0,0
67,67,Algeria,68,5.605,1.07772,0.93929,0.61766,0.28579,0.17382999999999998,0.07822,2015,-1.7496774688486882,-2.548229909654769,1,0,0,0,0,0
68,68,Kosovo,69,5.589,0.81198,0.80148,0.63132,0.24749,0.04741,0.2831,2015,-3.04892210206811,-1.261955086864283,0,0,0,1,0,0
69,69,Turkmenistan,70,5.547999999999999,1.22668,0.95847,0.53886,0.4761,0.30844,0.16979,2015,-1.1762279440173773,-1.7731928996542166,0,1,0,0,0,0
70,70,Mauritius,71,5.477,0.98521,1.00761,0.7095,0.56066,0.07521,0.37744,2015,-2.5874710781438255,-0.9743436633227721,1,0,0,0,0,0
71,71,Hong Kong,72,5.474,1.05818,1.38604,1.01328,0.59608,0.37124,0.39478,2015,-0.9909065252549449,-0.9294266312672956,1,0,0,0,0,0
72,72,Estonia,73,5.4289999999999985,1.22791,1.15174,0.77361,0.44888,0.15184,0.0868,2015,-1.8849279441205193,-2.4441486573158326,0,0,0,1,0,0
73,73,Indonesia,74,5.399,1.0870799999999998,0.8282700000000001,0.63793,0.46611,0.0,0.51535,2015,0.0,-0.6629089974993354,0,1,0,0,0,0
74,74,Vietnam,75,5.36,0.91226,0.63216,0.7467600000000001,0.59444,0.10441,0.1686,2015,-2.259429822680118,-1.780226233414382,0,1,0,0,0,0
75,75,Turkey,76,5.332000000000002,0.94632,1.06098,0.73172,0.22815,0.15746,0.12253,2015,-1.8485838212258159,-2.099399381020782,0,1,0,0,0,0
76,76,Kyrgyzstan,77,5.2860000000000005,1.15115,0.47428,0.65088,0.43477,0.04232,0.3003,2015,-3.162495491432093,-1.2029733039928525,0,1,0,0,0,0
77,77,Nigeria,78,5.268,0.90432,0.65435,0.16007000000000002,0.34334000000000003,0.0403,0.27233,2015,-3.2114038100294997,-1.3007407127672328,1,0,0,0,0,0
78,78,Bhutan,79,5.252999999999999,1.10395,0.77042,0.57407,0.5320600000000001,0.15445,0.47998,2015,-1.8678848596175464,-0.7340108426149468,0,1,0,0,0,0
79,79,Azerbaijan,80,5.2120000000000015,0.93793,1.02389,0.64045,0.3703,0.16065,0.07799,2015,-1.8285271934202696,-2.5511746656397305,0,1,0,0,0,0
80,80,Pakistan,81,5.194,0.41411,0.59543,0.51466,0.12102,0.10464,0.33671,2015,-2.2572293912732486,-1.0885332532264453,0,1,0,0,0,0
81,81,Jordan,82,5.192,1.05392,0.90198,0.69639,0.40661,0.14293,0.11053,2015,-1.9454002790611131,-2.202468301659273,0,1,0,0,0,0
82,82,Montenegro,82,5.192,0.90557,0.97438,0.72521,0.1826,0.14296,0.1614,2015,-1.9451904081309643,-1.8238695231462887,0,0,0,1,0,0
83,83,China,84,5.14,0.94675,0.89012,0.81658,0.5169699999999999,0.02781,0.08185,2015,-3.5823596107362636,-2.5028669751649932,0,1,0,0,0,0
84,84,Zambia,85,5.129,0.91612,0.47038,0.29924,0.48827,0.12468,0.19591,2015,-2.082004824083001,-1.6300999088821961,1,0,0,0,0,0
85,85,Romania,86,5.124,0.8858799999999999,1.04345,0.7689,0.35068,0.006490000000000001,0.13748,2015,-5.037492748266138,-1.984276827000504,0,0,0,1,0,0
86,86,Serbia,87,5.122999999999998,1.00964,0.92053,0.74836,0.20107,0.02617,0.19231,2015,-3.6431415624400825,-1.648646625659381,0,0,0,1,0,0
87,87,Portugal,88,5.102,1.13935,1.15991,0.8751899999999999,0.51469,0.01078,0.13719,2015,-4.530062713501286,-1.9863884526440634,0,0,0,1,0,0
88,88,Latvia,89,5.098,1.09562,1.11312,0.72437,0.29671,0.06332,0.18226,2015,-2.7595540439693256,-1.7023210399141562,0,0,0,1,0,0
89,89,Philippines,90,5.073,1.03516,0.70532,0.58114,0.62545,0.12279,0.24991,2015,-2.097279699809716,-1.3866544259354467,0,1,0,0,0,0
90,90,Somaliland region,91,5.057,0.95152,0.18847,0.43873,0.46582,0.39928,0.5031800000000001,2015,-0.9180923538207831,-0.6868073200137654,1,0,0,0,0,0
91,91,Morocco,92,5.013,0.64095,0.7347899999999999,0.60954,0.4169100000000001,0.08546000000000001,0.07172,2015,-2.459706848766258,-2.634985630245205,1,0,0,0,0,0
92,92,Macedonia,93,5.007,1.00232,0.91851,0.73545,0.33457,0.053270000000000005,0.22359,2015,-2.932381958053229,-1.4979412614204248,0,0,0,1,0,0
93,93,Mozambique,94,4.971,1.02626,0.08308,0.09131,0.34037,0.15603,0.22269,2015,-1.8577069825290462,-1.5019746091845718,1,0,0,0,0,0
94,94,Albania,95,4.959,0.8043399999999999,0.8786700000000001,0.81325,0.35733000000000004,0.06412999999999999,0.14272,2015,-2.7468430058213658,-1.9468706101504376,0,0,0,1,0,0
95,95,Bosnia and Herzegovina,96,4.949,0.91916,0.8322299999999999,0.79081,0.09245,0.00227,0.24808,2015,-6.087975447488826,-1.3940040041899435,0,0,0,1,0,0
96,96,Lesotho,97,4.898,1.04103,0.37545,0.07612000000000001,0.31767,0.12504,0.16388,2015,-2.079121592868916,-1.8086208263034667,1,0,0,0,0,0
97,97,Dominican Republic,98,4.885,1.17202,0.8953700000000001,0.66825,0.57672,0.14234000000000002,0.21684,2015,-1.9495367171110118,-1.5285955245899996,0,0,0,0,1,0
98,98,Laos,99,4.876,0.73803,0.5906600000000001,0.54909,0.59591,0.24249,0.42192,2015,-1.4167948065682743,-0.8629395563771605,1,0,0,0,0,0
99,99,Mongolia,100,4.874,1.3006,0.82819,0.60268,0.43626,0.026660000000000003,0.3323,2015,-3.624590964231574,-1.1017171036215885,0,1,0,0,0,0
100,100,Swaziland,101,4.867,1.07284,0.71206,0.07566,0.30658,0.0306,0.18259,2015,-3.486755270023802,-1.7005120768334954,1,0,0,0,0,0
101,101,Greece,102,4.857,0.92933,1.15406,0.88213,0.07699,0.013969999999999998,0.0,2015,-4.270843105713267,0.0,0,0,0,1,0,0
102,102,Lebanon,103,4.839,0.80001,1.02564,0.83947,0.33916,0.04582,0.21854,2015,-3.0830346019567876,-1.5207862148395377,0,1,0,0,0,0
103,103,Hungary,104,4.8,1.20215,1.12094,0.75905,0.32112,0.02758,0.128,2015,-3.5906644066169813,-2.05572501506252,0,0,0,1,0,0
104,104,Honduras,105,4.788,0.95348,0.59532,0.6951,0.40148,0.06825,0.23027,2015,-2.684577844917068,-1.468502745512609,0,0,0,0,1,0
105,105,Tajikistan,106,4.7860000000000005,0.8556299999999999,0.39047,0.5737899999999999,0.47216,0.15072,0.22974,2015,-1.8923314681540842,-1.4708070442648788,0,1,0,0,0,0
106,106,Tunisia,107,4.739,0.60429,0.88113,0.73793,0.26268,0.06358,0.06431,2015,-2.7554563234994807,-2.744040138835365,1,0,0,0,0,0
107,107,Palestinian Territories,108,4.715,0.92558,0.59867,0.66015,0.24499,0.12905,0.11251,2015,-2.0475553528175143,-2.1847131723991566,0,1,0,0,0,0
108,108,Bangladesh,109,4.694,0.4310600000000001,0.39753,0.60164,0.4082,0.12569,0.21222,2015,-2.073936721045391,-1.550131806536693,0,1,0,0,0,0
109,109,Iran,110,4.686,0.54447,1.0088,0.69805,0.30033000000000004,0.05863,0.38086,2015,-2.8365087680060133,-0.9653234254514665,0,1,0,0,0,0
110,110,Ukraine,111,4.681,1.20278,0.79907,0.6739,0.25123,0.02961,0.15275,2015,-3.519643136868637,-1.8789526809304324,0,0,0,1,0,0
111,111,Iraq,112,4.677,0.81889,0.98549,0.60237,0.0,0.13788,0.17922000000000002,2015,-1.9813715373334724,-1.7191411775260634,0,1,0,0,0,0
112,112,South Africa,113,4.642,1.18468,0.92049,0.27688,0.33207,0.08884,0.11973,2015,-2.4209182799559104,-2.1225160712533846,1,0,0,0,0,0
113,113,Ghana,114,4.633,0.6795399999999999,0.5455800000000001,0.40132,0.42342,0.04355,0.23087,2015,-3.133845575683625,-1.4659004974379042,1,0,0,0,0,0
114,114,Zimbabwe,115,4.61,1.03276,0.271,0.33475,0.25861,0.08079,0.18987,2015,-2.51590208349052,-1.6614156515268133,1,0,0,0,0,0
115,115,Liberia,116,4.5710000000000015,0.78968,0.0712,0.34201,0.28531,0.062320000000000014,0.24362,2015,-2.775472877419644,-1.4121456447103242,1,0,0,0,0,0
116,116,India,117,4.565,0.38174,0.64499,0.5152899999999999,0.39786,0.08492000000000001,0.26475,2015,-2.4660456421470816,-1.3289692945006213,0,1,0,0,0,0
117,117,Sudan,118,4.55,1.01404,0.52107,0.36878,0.10081,0.1466,0.19062,2015,-1.9200474895295858,-1.6574733614726571,1,0,0,0,0,0
118,118,Haiti,119,4.518,0.74302,0.26673,0.38847,0.24425,0.17175,0.46187,2015,-1.7617153478796783,-0.7724718127780498,0,0,0,0,1,0
119,119,Congo (Kinshasa),120,4.517,1.0012,0.0,0.09806,0.22605,0.07625,0.24834,2015,-2.573737863494616,-1.392956503993441,1,0,0,0,0,0
120,120,Nepal,121,4.5139999999999985,0.86449,0.35997,0.5687399999999999,0.38282,0.05907,0.32296,2015,-2.829032097662993,-1.1302268024374515,0,1,0,0,0,0
121,121,Ethiopia,122,4.512,0.60406,0.19073,0.44055,0.4345,0.15048,0.24325,2015,-1.8939250939893622,-1.4136655579160227,1,0,0,0,0,0
122,122,Sierra Leone,123,4.507,0.95571,0.33024000000000003,0.0,0.4084,0.08786000000000001,0.21488,2015,-2.4320106404345037,-1.5376755462072096,1,0,0,0,0,0
123,123,Mauritania,124,4.436,0.86908,0.45407,0.35874,0.24232,0.17461,0.219,2015,-1.745200363448101,-1.5186835491656363,1,0,0,0,0,0
124,124,Kenya,125,4.419,0.99876,0.36471,0.41435,0.42215,0.05839,0.37542,2015,-2.840610636686691,-0.97970987974381,1,0,0,0,0,0
125,125,Djibouti,126,4.369,0.59207,0.44025,0.36291,0.46074,0.28105,0.18093,2015,-1.269222689534053,-1.709645062851132,1,0,0,0,0,0
126,126,Armenia,127,4.35,0.7771100000000001,0.7682100000000001,0.7299,0.19847,0.039,0.07855,2015,-3.2441936328524905,-2.544019914280507,0,1,0,0,0,0
127,127,Botswana,128,4.332,1.10464,0.99355,0.04776,0.49495,0.12474,0.10461,2015,-2.0815237078841604,-2.2575161296264676,1,0,0,0,0,0
128,128,Myanmar,129,4.307,0.70905,0.27108000000000004,0.4824600000000001,0.44017,0.19034,0.79588,2015,-1.6589433323379397,-0.2283068582710898,0,1,0,0,0,0
129,129,Georgia,130,4.297,0.38562,0.7419,0.72926,0.40577,0.38331,0.055470000000000005,2015,-0.9589112177107956,-2.891912944914994,0,1,0,0,0,0
130,130,Malawi,131,4.292,0.41134,0.016040000000000002,0.22562,0.43054,0.06977,0.33128,2015,-2.6625511610309918,-1.1047913397448252,1,0,0,0,0,0
131,131,Sri Lanka,132,4.271,1.01905,0.83524,0.70806,0.5372600000000001,0.09179,0.40828,2015,-2.3882519197511374,-0.8958020654468395,0,1,0,0,0,0
132,132,Cameroon,133,4.252,0.8876700000000001,0.4225,0.23402,0.49309,0.05786,0.20618000000000006,2015,-2.849728979434148,-1.5790057053138982,1,0,0,0,0,0
133,133,Bulgaria,134,4.218,1.10614,1.01216,0.76649,0.30587,0.00872,0.11921,2015,-4.742136041061249,-2.126868635252227,0,0,0,1,0,0
134,134,Egypt,135,4.194,0.747,0.8818,0.61712,0.17288,0.06324,0.11291,2015,-2.760818266640866,-2.1811642377897065,1,0,0,0,0,0
135,135,Yemen,136,4.077,0.68093,0.5464899999999999,0.40064,0.35571,0.07854,0.09131,2015,-2.5441472298322734,-2.393494968353888,0,1,0,0,0,0
136,136,Angola,137,4.033,0.8604,0.75778,0.16683,0.10384000000000003,0.07122,0.12344,2015,-2.6419816011325055,-2.0920000709272317,1,0,0,0,0,0
137,137,Mali,138,3.995,1.03526,0.26074,0.20583,0.38857,0.12352,0.18798,2015,-2.091352192705671,-1.6714197047899817,1,0,0,0,0,0
138,138,Congo (Brazzaville),139,3.989,0.6629,0.67866,0.31051,0.41466,0.11686,0.12388,2015,-2.146778641855846,-2.088441923877135,1,0,0,0,0,0
139,139,Comoros,140,3.956,0.79273,0.23906,0.36315,0.22917,0.199,0.17440999999999998,2015,-1.6144504542576446,-1.74634642970156,1,0,0,0,0,0
140,140,Uganda,141,3.931,1.13299,0.21102,0.33861,0.45727,0.07267,0.29066,2015,-2.6218266343535928,-1.2356010797841128,1,0,0,0,0,0
141,141,Senegal,142,3.904,0.97619,0.36498,0.4354,0.36772,0.10713,0.20843000000000006,2015,-2.2337122287076703,-1.5681520255285575,1,0,0,0,0,0
142,142,Gabon,143,3.896,0.90528,1.06024,0.43372,0.31914000000000003,0.11091,0.06822,2015,-2.199036217365487,-2.6850175019916374,1,0,0,0,0,0
143,143,Niger,144,3.845,0.77265,0.0694,0.29707,0.47692,0.15639,0.19387,2015,-1.8554023915340128,-1.640567447631021,1,0,0,0,0,0
144,144,Cambodia,145,3.819,0.62736,0.46038,0.61114,0.66246,0.07247,0.40359,2015,-2.624582595860947,-0.9073557678165758,0,1,0,0,0,0
145,145,Tanzania,146,3.781,1.00268,0.2852,0.38215,0.32878,0.057470000000000014,0.34377,2015,-2.8564922064624865,-1.0677824498756705,1,0,0,0,0,0
146,146,Madagascar,147,3.681,0.66801,0.20824,0.46721,0.19184,0.08123999999999999,0.21333,2015,-2.5103475422699533,-1.5449150164186007,1,0,0,0,0,0
147,147,Central African Republic,148,3.678,0.0,0.0785,0.06699,0.48879,0.08288999999999999,0.23835,2015,-2.490240851378702,-1.4340150973313024,1,0,0,0,0,0
148,148,Chad,149,3.667,0.76062,0.34193,0.1501,0.23501,0.05269,0.18386,2015,-2.9433295947609426,-1.6935806805465285,1,0,0,0,0,0
149,149,Guinea,150,3.656,0.46475,0.17417,0.24009,0.37725,0.12139,0.28657,2015,-2.108746776072425,-1.2497724445728604,1,0,0,0,0,0
150,150,Ivory Coast,151,3.655,0.77115,0.46534,0.15185,0.46866,0.17922000000000002,0.20165,2015,-1.7191411775260634,-1.6012217576627599,1,0,0,0,0,0
151,151,Burkina Faso,152,3.587,0.85188,0.25812,0.27125,0.39493,0.12832000000000002,0.21747,2015,-2.0532281348639327,-1.525694369001241,1,0,0,0,0,0
152,152,Afghanistan,153,3.575,0.30285,0.31982,0.30335,0.23414,0.09719,0.3651,2015,-2.331087453466758,-1.007583990320546,0,1,0,0,0,0
153,153,Rwanda,154,3.465,0.7737,0.22208000000000006,0.42864,0.59201,0.55191,0.22628,2015,-0.5943702894763354,-1.485982108507182,1,0,0,0,0,0
154,154,Benin,155,3.34,0.35386,0.28665,0.3191,0.4845,0.0801,0.1826,2015,-2.5244794249078235,-1.7004573108212688,1,0,0,0,0,0
155,155,Syria,156,3.006,0.47489,0.6632,0.7219300000000001,0.15684,0.18906,0.47179,2015,-1.6656908539848987,-0.7512213076549774,0,1,0,0,0,0
156,156,Burundi,157,2.905,0.41587,0.0153,0.22396,0.1185,0.10062,0.19727,2015,-2.2964042339189645,-1.6231819302263595,1,0,0,0,0,0
157,157,Togo,158,2.839,0.13995,0.20868,0.28443,0.36453,0.10731,0.16681,2015,-2.2320334370431008,-1.790899838816173,1,0,0,0,0,0
158,0,Denmark,1,7.526,1.16374,1.4417799999999998,0.79504,0.5794100000000001,0.44453,0.36171,2016,-0.8107377347420763,-1.016912493184808,0,0,0,1,0,0
159,1,Switzerland,2,7.508999999999999,1.14524,1.52733,0.86303,0.58557,0.41203,0.28083,2016,-0.8866591167495523,-1.270005774930374,0,0,0,1,0,0
160,2,Iceland,3,7.501,1.18326,1.42666,0.8673299999999999,0.56624,0.14975,0.47678,2016,-1.8987880419865784,-0.7407001104194929,0,0,0,1,0,0
161,3,Norway,4,7.497999999999998,1.1269,1.57744,0.79579,0.59609,0.35776,0.37895,2016,-1.0278929084554573,-0.970351008724099,0,0,0,1,0,0
162,4,Finland,5,7.4129999999999985,1.13464,1.40598,0.81091,0.57104,0.41004,0.25492,2016,-0.8915005630669363,-1.3668055085360438,0,0,0,1,0,0
163,5,Canada,6,7.404,1.0961,1.44015,0.8276,0.5737,0.31329,0.44834,2016,-1.16062599982257,-0.802203405836387,0,0,0,0,1,0
164,6,Netherlands,7,7.338999999999999,1.02912,1.46468,0.8123100000000001,0.55211,0.29927,0.47416,2016,-1.206409103026286,-0.7462104615025543,0,0,0,1,0,0
165,7,New Zealand,8,7.334,1.17278,1.36066,0.83096,0.5814699999999999,0.41904,0.4940100000000001,2016,-0.8697888982227352,-0.7051995190841196,0,0,1,0,0,0
166,8,Australia,9,7.313,1.10476,1.44443,0.8512,0.5683699999999999,0.32331,0.47407,2016,-1.129143663705287,-0.7464002888656841,0,0,1,0,0,0
167,9,Sweden,10,7.291,1.08764,1.45181,0.83121,0.58218,0.40867,0.38254,2016,-0.8948472945805035,-0.9609220560197491,0,0,0,1,0,0
168,10,Israel,11,7.267,0.99537,1.33766,0.8491700000000001,0.36432,0.08728,0.32288,2016,-2.438633937457322,-1.1304745418168929,0,1,0,0,0,0
169,11,Austria,12,7.119,1.0838299999999998,1.45038,0.80565,0.54355,0.21348000000000006,0.32865,2016,-1.5442121275163927,-1.112761924272552,0,0,0,1,0,0
170,12,United States,13,7.104,1.04782,1.50796,0.779,0.48163,0.14868,0.41077,2016,-1.9059589335530855,-0.8897218318320106,0,0,0,0,1,0
171,13,Costa Rica,14,7.0870000000000015,1.02152,1.06879,0.76146,0.55225,0.10547,0.22553,2016,-2.2493287266936144,-1.48930209119412,0,0,0,0,1,0
172,14,Puerto Rico,15,7.039,1.08113,1.35943,0.77758,0.46823,0.12275,0.22202,2016,-2.0976055123075072,-1.504987811077636,1,0,0,0,0,0
173,15,Germany,16,6.994,1.09774,1.44787,0.81487,0.53466,0.28551,0.30452,2016,-1.2534782242297753,-1.1890185125441253,0,0,0,1,0,0
174,16,Brazil,17,6.952000000000001,1.03938,1.08754,0.61415,0.40425,0.14165999999999998,0.15775999999999998,2016,-1.9543254586566607,-1.8466803881278118,0,0,0,0,0,1
175,17,Belgium,18,6.9289999999999985,1.05249,1.42539,0.8195899999999999,0.51354,0.26248,0.2424,2016,-1.3375803903292909,-1.4171660247869777,0,0,0,1,0,0
176,18,Ireland,19,6.907,1.16157,1.48341,0.81455,0.54008,0.29754,0.44963,2016,-1.2122066092530395,-0.7993302566500872,0,0,0,1,0,0
177,19,Luxembourg,20,6.871,1.03999,1.69752,0.8454200000000001,0.5487,0.35329,0.27571,2016,-1.0404660295746528,-1.2884056903007797,0,0,0,1,0,0
178,20,Mexico,21,6.778,0.7146,1.1150799999999998,0.71143,0.37709,0.18355,0.11735,2016,-1.695268169039294,-2.1425943566851045,0,0,0,0,1,0
179,21,Singapore,22,6.739,0.8675799999999999,1.64555,0.94719,0.4877,0.46987,0.32706,2016,-0.7552992182823718,-1.1176116386778925,0,1,0,0,0,0
180,22,United Kingdom,23,6.725,1.08672,1.40283,0.80991,0.50036,0.27399,0.50156,2016,-1.2946636696104397,-0.6900320376597999,0,0,0,1,0,0
181,23,Chile,24,6.705,0.90587,1.2167,0.8188300000000001,0.37789,0.11451,0.31595,2016,-2.167093123556889,-1.1521713057626728,0,0,0,0,0,1
182,24,Panama,25,6.7010000000000005,0.98912,1.18306,0.70835,0.48927,0.08423,0.2418,2016,-2.4742041266548647,-1.4196443408014447,0,0,0,0,1,0
183,25,Argentina,26,6.65,1.0661200000000002,1.15137,0.69711,0.42284,0.07296,0.10989000000000003,2016,-2.617843933216061,-2.208275413523304,0,0,0,0,0,1
184,26,Czech Republic,27,6.596,1.00793,1.30915,0.76376,0.41418,0.03986,0.09929,2016,-3.2223819641974885,-2.309710417936634,0,0,0,1,0,0
185,27,United Arab Emirates,28,6.573,0.8711399999999999,1.57352,0.72993,0.56215,0.35561,0.26591,2016,-1.0339206542529746,-1.324597373316976,0,1,0,0,0,0
186,28,Uruguay,29,6.545,1.0314299999999998,1.18157,0.72183,0.54388,0.21394,0.18056,2016,-1.5420596771041524,-1.7116921464728567,0,0,0,0,0,1
187,29,Malta,30,6.488,1.09879,1.30782,0.80315,0.54994,0.17554,0.56237,2016,-1.7398883418181654,-0.5755952827249612,0,0,0,1,0,0
188,30,Colombia,31,6.481,1.02169,1.03032,0.59659,0.44735,0.05399,0.15625999999999998,2016,-2.918956434751941,-1.856233992413539,0,0,0,0,0,1
189,31,France,32,6.478,1.00508,1.39488,0.83795,0.46562,0.17808,0.1216,2016,-1.7255223914549025,-2.1070183094500705,0,0,0,1,0,0
190,32,Thailand,33,6.474,1.04477,1.0893,0.64915,0.49553,0.02833,0.58696,2016,-3.563833965139712,-0.5327986045763982,0,1,0,0,0,0
191,33,Saudi Arabia,34,6.379,0.84829,1.48953,0.59267,0.37904,0.30008,0.15457,2016,-1.203706173208505,-1.8671082108179098,0,1,0,0,0,0
192,34,Taiwan,34,6.379,0.92624,1.39729,0.79565,0.32377,0.0663,0.25495,2016,-2.7135653817903203,-1.3666878314809723,1,0,0,0,0,0
193,35,Qatar,36,6.375,0.87964,1.82427,0.71723,0.56679,0.48049,0.32388,2016,-0.7329488624428819,-1.1273822021642235,0,1,0,0,0,0
194,36,Spain,37,6.3610000000000015,1.12945,1.34253,0.8789600000000001,0.37545,0.061370000000000015,0.17665,2016,-2.790834162581131,-1.7335849051769827,0,0,0,1,0,0
195,37,Algeria,38,6.355,0.83309,1.05266,0.6180399999999999,0.21006,0.16157,0.07044,2016,-1.8228167936933979,-2.6529939953541315,1,0,0,0,0,0
196,38,Guatemala,39,6.324,0.8711899999999999,0.83454,0.5403899999999999,0.50379,0.08701,0.28808,2016,-2.441732224404204,-1.2445170596415172,0,0,0,0,1,0
197,39,Suriname,40,6.269,0.77866,1.09686,0.5093300000000001,0.5223399999999999,0.12692,0.16665,2016,-2.064198312267142,-1.7918594742283884,1,0,0,0,0,0
198,40,Kuwait,41,6.239,0.8775799999999999,1.61714,0.63569,0.43166,0.23669,0.15965,2016,-1.4410040109254172,-1.8347713598213462,0,1,0,0,0,0
199,41,Bahrain,42,6.218,0.94397,1.44024,0.65696,0.47375,0.25772,0.17147,2016,-1.3558815547116954,-1.763346954791377,0,1,0,0,0,0
200,42,Trinidad and Tobago,43,6.167999999999998,0.98569,1.32572,0.52608,0.48453,0.01241,0.31935,2016,-4.3892526797656215,-1.1414675989745389,0,0,0,0,1,0
201,43,Venezuela,44,6.084,1.03302,1.1336700000000002,0.6190399999999999,0.19847,0.08304,0.0425,2016,-2.4884328595645586,-3.158251203051766,0,0,0,0,0,1
202,44,Slovakia,45,6.0779999999999985,1.08268,1.27973,0.70367,0.23391,0.02947,0.13837,2016,-3.5243824822325336,-1.977824022300844,0,0,0,1,0,0
203,45,El Salvador,46,6.068,0.80975,0.8737,0.596,0.37269,0.10613,0.08877,2016,-2.243090521208406,-2.421706523901909,0,0,0,0,1,0
204,46,Malaysia,47,6.005,0.88025,1.25142,0.62366,0.39031,0.09081,0.41474,2016,-2.3989858672804,-0.8801034611124428,0,1,0,0,0,0
205,47,Nicaragua,48,5.992000000000001,0.8952100000000001,0.69384,0.65213,0.46582,0.16292,0.29773,2016,-1.8144959962019251,-1.2115682434477673,0,0,0,0,1,0
206,48,Uzbekistan,49,5.987,1.1681,0.7359100000000001,0.50163,0.60848,0.28333,0.34326,2016,-1.2611429829409715,-1.0692671014736446,0,1,0,0,0,0
207,49,Italy,50,5.977,1.04167,1.35495,0.8510200000000001,0.18827,0.02556,0.16684000000000002,2016,-3.666726649472803,-1.7907200096533924,0,0,0,1,0,0
208,50,Ecuador,51,5.976,0.85974,0.97306,0.68613,0.4027,0.18037,0.10074,2016,-1.7127449823000291,-2.2952123386646326,0,0,0,0,0,1
209,51,Belize,52,5.956,0.68655,0.87616,0.45569,0.51231,0.10771,0.23684,2016,-2.228312848619458,-1.4403704713185617,0,0,0,0,1,0
210,52,Japan,53,5.921,1.06054,1.38007,0.91491,0.46761,0.18985,0.10224,2016,-1.6615209923043257,-2.2804322883529125,0,1,0,0,0,0
211,53,Kazakhstan,54,5.919,0.95544,1.22943,0.57386,0.4052,0.11132,0.15011,2016,-2.195346342324447,-1.8963869203100523,0,1,0,0,0,0
212,54,Moldova,55,5.897,0.8313200000000001,0.69177,0.5230899999999999,0.25202,0.01903,0.19997,2016,-3.961738597674079,-1.6095879236852255,0,0,0,1,0,0
213,55,Russia,56,5.856,1.05261,1.2322799999999998,0.58991,0.32682,0.03586,0.02736,2016,-3.32813281080515,-3.598673186227787,0,0,0,1,0,0
214,56,Poland,57,5.835,1.04685,1.24585,0.69058,0.4519,0.055,0.14443,2016,-2.900422093749666,-1.9349603178690618,0,0,0,1,0,0
215,57,South Korea,57,5.835,0.7219399999999999,1.35948,0.88645,0.25168,0.07716,0.18824,2016,-2.5618740909446087,-1.67003753456303,0,1,0,0,0,0
216,58,Bolivia,59,5.822,0.8377899999999999,0.79422,0.4697,0.50961,0.07746,0.21698,2016,-2.5579936048955307,-1.5279500955878325,0,0,0,0,0,1
217,59,Lithuania,60,5.813,1.06411,1.2692,0.64674,0.18929,0.0182,0.02025,2016,-4.006333684899388,-3.899600485429589,0,0,0,1,0,0
218,60,Belarus,61,5.8020000000000005,1.04993,1.1306200000000002,0.6310399999999999,0.29091,0.17457,0.13942000000000002,2016,-1.7454294716454488,-1.9702643189238842,0,0,0,1,0,0
219,61,North Cyprus,62,5.771,0.81826,1.31141,0.8414200000000001,0.43596,0.16577999999999998,0.26322,2016,-1.797093670818757,-1.3347650945759595,0,0,0,1,0,0
220,62,Slovenia,63,5.768,1.05613,1.29947,0.79151,0.53164,0.03635,0.25738,2016,-3.314561075002609,-1.3572016869166184,0,0,0,1,0,0
221,63,Peru,64,5.7429999999999986,0.81255,0.99602,0.6299399999999999,0.37502,0.05292,0.14527,2016,-2.9389739397353822,-1.9291611990973447,0,0,0,0,0,1
222,64,Turkmenistan,65,5.658,1.03817,1.08017,0.4400600000000001,0.37408,0.28467,0.22567,2016,-1.2564246643283603,-1.4886815237983182,0,1,0,0,0,0
223,65,Mauritius,66,5.648,0.75695,1.14372,0.66189,0.46145,0.052029999999999986,0.36951,2016,-2.9559348036799253,-0.9955774753606345,1,0,0,0,0,0
224,66,Libya,67,5.615,0.95076,1.0668799999999998,0.52304,0.40672,0.10339,0.17087,2016,-2.2692470333835355,-1.766852245521955,1,0,0,0,0,0
225,67,Latvia,68,5.56,0.95025,1.21788,0.63952,0.27996,0.0889,0.17445,2016,-2.420243136462278,-1.7461171113493539,0,0,0,1,0,0
226,68,Cyprus,69,5.546,0.70697,1.31857,0.8488,0.29507,0.052279999999999986,0.27906,2016,-2.951141390226116,-1.2763284665180765,0,0,0,1,0,0
227,69,Paraguay,70,5.5379999999999985,1.11111,0.8937299999999999,0.58295,0.46235,0.07396,0.25296,2016,-2.604230872463213,-1.374523905520975,0,0,0,0,0,1
228,70,Romania,71,5.528,0.7280300000000001,1.1697,0.67602,0.36712,0.006790000000000001,0.12889,2016,-4.992304337411532,-2.048795951565449,0,0,0,1,0,0
229,71,Estonia,72,5.517,1.0516299999999998,1.27964,0.68098,0.41511,0.18519,0.08423,2016,-1.6863729539082228,-2.4742041266548647,0,0,0,1,0,0
230,72,Jamaica,73,5.51,0.96372,0.89333,0.5946899999999999,0.43597,0.04294,0.22245,2016,-3.147951486531502,-1.5030529217300863,0,0,0,0,1,0
231,73,Croatia,74,5.488,0.6080899999999999,1.18649,0.70524,0.23907,0.04002,0.18434,2016,-3.21837594982655,-1.6909734004166188,0,0,0,1,0,0
232,74,Hong Kong,75,5.457999999999998,0.87021,1.5107,0.95277,0.48079,0.31647,0.40097,2016,-1.15052682862031,-0.9138686674417785,1,0,0,0,0,0
233,75,Somalia,76,5.44,0.33613000000000004,0.0,0.11465999999999997,0.5677800000000001,0.3118,0.27225,2016,-1.165393322358461,-1.3010345171690672,1,0,0,0,0,0
234,76,Kosovo,77,5.401,0.66062,0.90145,0.54,0.14396,0.06547,0.27992,2016,-2.726163256529137,-1.2732514309227045,0,0,0,1,0,0
235,77,Turkey,78,5.3889999999999985,0.8771700000000001,1.1649200000000002,0.64718,0.23889,0.12348,0.04707,2016,-2.0916760793481783,-3.0561194235690863,0,1,0,0,0,0
236,78,Indonesia,79,5.314,0.87625,0.95104,0.49374,0.39237,0.00322,0.56521,2016,-5.73837391942582,-0.5705579354761936,0,1,0,0,0,0
237,79,Jordan,80,5.303,0.86216,0.99673,0.60712,0.36023,0.13297,0.14262,2016,-2.0176317401135226,-1.9475715283819794,0,1,0,0,0,0
238,80,Azerbaijan,81,5.291,0.76042,1.12373,0.54504,0.35327,0.17914000000000002,0.0564,2016,-1.7195876559350878,-2.875286120478124,0,1,0,0,0,0
239,81,Philippines,82,5.279,0.87877,0.81217,0.4703600000000001,0.5485399999999999,0.11757,0.21674,2016,-2.140721378102487,-1.529056800487288,0,1,0,0,0,0
240,82,China,83,5.245,0.79381,1.0278,0.73561,0.44012,0.02745,0.04959,2016,-3.5953891110265976,-3.0039660784810946,0,1,0,0,0,0
241,83,Bhutan,84,5.1960000000000015,0.90836,0.8527,0.49759,0.46074,0.1616,0.4854600000000001,2016,-1.8226311328951421,-0.7226583839343336,0,1,0,0,0,0
242,84,Kyrgyzstan,85,5.185,0.95434,0.5604399999999999,0.5544899999999999,0.40212,0.04762,0.38432,2016,-3.0445024379234202,-0.9562797400905183,0,1,0,0,0,0
243,85,Serbia,86,5.1770000000000005,0.81329,1.03437,0.6458,0.15718,0.04339,0.20737,2016,-3.137526279171878,-1.573250641672388,0,0,0,1,0,0
244,86,Bosnia and Herzegovina,87,5.1629999999999985,0.64367,0.93383,0.7076600000000001,0.09511,0.0,0.29889,2016,0.0,-1.2076796662572624,0,0,0,1,0,0
245,87,Montenegro,88,5.1610000000000005,0.74173,1.07838,0.6353300000000001,0.15111,0.12721,0.17190999999999998,2016,-2.0619160148140177,-1.760784194928735,0,0,0,1,0,0
246,88,Dominican Republic,89,5.155,0.99496,1.02787,0.5766899999999999,0.52259,0.12372,0.21286,2016,-2.089734331165268,-1.5471206063692389,0,0,0,0,1,0
247,89,Morocco,90,5.151,0.38595,0.8405799999999999,0.5947100000000001,0.25646,0.08404,0.04053,2016,-2.4764624030053373,-3.20571283834192,1,0,0,0,0,0
248,90,Hungary,91,5.145,0.93164,1.24142,0.67608,0.1977,0.04472,0.099,2016,-3.1073344501352933,-2.312635428847547,0,0,0,1,0,0
249,91,Pakistan,92,5.1320000000000014,0.26135,0.68816,0.40306,0.14622000000000002,0.1388,0.31185,2016,-1.9747212309094329,-1.1652329760100053,0,1,0,0,0,0
250,92,Lebanon,93,5.129,0.64184,1.12268,0.76171,0.26228,0.03061,0.23693000000000006,2016,-3.486428526024816,-1.4399905401237512,0,1,0,0,0,0
251,93,Portugal,94,5.122999999999998,0.94367,1.27607,0.7936300000000001,0.44727,0.01521,0.11691,2016,-4.185802172710936,-2.1463508709634094,0,0,0,1,0,0
252,94,Macedonia,95,5.121,0.78236,1.0193,0.6473800000000001,0.27668000000000004,0.07047,0.23507,2016,-2.652568191643206,-1.4478719368527102,0,0,0,1,0,0
253,95,Vietnam,96,5.061,0.7911699999999999,0.74037,0.66157,0.5595399999999999,0.11556,0.25075,2016,-2.1579654033841025,-1.3832988521400922,0,1,0,0,0,0
254,96,Somaliland Region,97,5.057,0.75862,0.25558000000000003,0.33108000000000004,0.3913,0.36794,0.51479,2016,-0.9998353975844998,-0.6639962284682587,1,0,0,0,0,0
255,97,Tunisia,98,5.045,0.43165,0.97724,0.59577,0.23553,0.0817,0.03936,2016,-2.50470127711618,-3.2350052067980846,1,0,0,0,0,0
256,98,Greece,99,5.033,0.75473,1.24886,0.80029,0.058220000000000015,0.04127,0.0,2016,-3.1876194352176466,0.0,0,0,0,1,0,0
257,99,Tajikistan,100,4.996,0.75602,0.48835,0.5311899999999999,0.43408,0.13509000000000002,0.25998000000000004,2016,-2.001814056000547,-1.3471505740022638,0,1,0,0,0,0
258,100,Mongolia,101,4.907,1.08983,0.98853,0.55469,0.35972,0.03285,0.34539000000000003,2016,-3.4158035340515176,-1.0630810656284542,0,1,0,0,0,0
259,101,Laos,102,4.876,0.5497,0.68042,0.38291,0.52168,0.22423,0.43079,2016,-1.4950829681966977,-0.8421345465969902,1,0,0,0,0,0
260,102,Nigeria,103,4.875,0.64498,0.75216,0.05108,0.27854,0.0305,0.23219,2016,-3.4900285953687713,-1.4601992769678627,1,0,0,0,0,0
261,103,Honduras,104,4.871,0.7559600000000001,0.69429,0.5838300000000001,0.26755,0.06906,0.2044,2016,-2.672779587020291,-1.5876764206525877,0,0,0,0,1,0
262,104,Iran,105,4.813,0.38857,1.11758,0.64232,0.22544,0.0557,0.38538,2016,-2.887775132048899,-0.9535254184843809,0,1,0,0,0,0
263,105,Zambia,106,4.795,0.6376,0.61202,0.23573,0.42662,0.11479,0.17866,2016,-2.1646509069047317,-1.722270720708444,1,0,0,0,0,0
264,106,Nepal,107,4.793,0.69699,0.4462600000000001,0.50073,0.37012,0.07007999999999999,0.3816,2016,-2.658117832354001,-0.9633823394080056,0,1,0,0,0,0
265,107,Palestinian Territories,108,4.754,0.71629,0.67024,0.56844,0.17744,0.10613,0.11154,2016,-2.243090521208406,-2.1933720080207295,0,1,0,0,0,0
266,108,Albania,109,4.655,0.50163,0.9553,0.73007,0.31866,0.05301,0.1684,2016,-2.9372747039824225,-1.7814131771739108,0,0,0,1,0,0
267,109,Bangladesh,110,4.643,0.24749,0.54177,0.52989,0.39778,0.12583,0.19132,2016,-2.0728234893782607,-1.653807860170041,0,1,0,0,0,0
268,110,Sierra Leone,111,4.635,0.628,0.36485,0.0,0.30685,0.08196,0.23897,2016,-2.501523955611438,-1.4314172579418514,1,0,0,0,0,0
269,111,Iraq,112,4.575,0.59205,1.07474,0.51076,0.24856,0.13635999999999998,0.19589,2016,-1.992456831712435,-1.630202001786828,0,1,0,0,0,0
270,112,Namibia,113,4.574,0.70362,0.93287,0.34745,0.48614,0.10398,0.07795,2016,-2.2635567060265673,-2.5516876834783515,1,0,0,0,0,0
271,113,Cameroon,114,4.513,0.62542,0.5249699999999999,0.12697999999999998,0.42736,0.06126,0.2268,2016,-2.792628177577508,-1.48368670712854,1,0,0,0,0,0
272,114,Ethiopia,115,4.508,0.37932,0.29283000000000003,0.34578000000000003,0.36703,0.1717,0.29522,2016,-1.7620065110787073,-1.2200344378732864,1,0,0,0,0,0
273,115,South Africa,116,4.459,0.96053,1.02416,0.18611,0.42483,0.08415,0.13656,2016,-2.475154358345322,-1.990991200495952,1,0,0,0,0,0
274,116,Sri Lanka,117,4.415,0.84783,0.97318,0.62007,0.50817,0.07964,0.46978,2016,-2.5302387997861415,-0.7554907789704476,0,1,0,0,0,0
275,117,India,118,4.404,0.29247,0.74036,0.45091,0.40285,0.08722,0.25028,2016,-2.4393216165675167,-1.3851749878519743,0,1,0,0,0,0
276,118,Myanmar,119,4.395,0.69981,0.34112,0.3988,0.42692,0.20243,0.81971,2016,-1.597361131208651,-0.19880465981235226,0,1,0,0,0,0
277,119,Egypt,120,4.362,0.49813,0.95395,0.5211600000000001,0.18847,0.10393,0.12705999999999998,2016,-2.2640376833818068,-2.06309586314375,1,0,0,0,0,0
278,120,Armenia,121,4.36,0.6247699999999999,0.8608600000000001,0.64083,0.14037,0.036160000000000005,0.07793,2016,-3.3198017434581613,-2.5519442911266674,0,1,0,0,0,0
279,121,Kenya,122,4.356,0.7624,0.52267,0.30147,0.40576,0.06686,0.41328,2016,-2.7051543979901846,-0.8836299496346067,1,0,0,0,0,0
280,122,Ukraine,123,4.324,1.01413,0.87287,0.58628,0.12859,0.01829,0.20363,2016,-4.001400816579363,-1.5914506574197134,0,0,0,1,0,0
281,123,Ghana,124,4.276,0.49353,0.63107,0.29681,0.40973,0.0326,0.21203,2016,-3.423442990609475,-1.5510275048876778,1,0,0,0,0,0
282,124,Congo (Kinshasa),125,4.272,0.80676,0.05661,0.188,0.15602,0.06075,0.25458000000000003,2016,-2.8009881967614794,-1.3681401505398485,1,0,0,0,0,0
283,125,Georgia,126,4.252,0.19249,0.8379200000000001,0.64035,0.32461,0.3188,0.06786,2016,-1.1431913320660771,-2.6903085196260528,0,1,0,0,0,0
284,126,Congo (Brazzaville),127,4.2360000000000015,0.47799,0.7710899999999999,0.28212,0.37938,0.09753,0.12077,2016,-2.3275952559982134,-2.1138673686948533,1,0,0,0,0,0
285,127,Senegal,128,4.2189999999999985,0.7741600000000001,0.44314,0.40457,0.31056,0.11681,0.19103,2016,-2.147206595814532,-1.6553247952065766,1,0,0,0,0,0
286,128,Bulgaria,129,4.217,0.92542,1.11306,0.67806,0.21219,0.00615,0.12793,2016,-5.09130319716371,-2.0562720396531935,0,0,0,1,0,0
287,129,Mauritania,130,4.2010000000000005,0.8414200000000001,0.6139100000000001,0.28639000000000003,0.1268,0.17955,0.22686,2016,-1.7173015583100453,-1.4834221918512405,1,0,0,0,0,0
288,130,Zimbabwe,131,4.1930000000000005,0.71478,0.35041,0.1595,0.25429,0.08582000000000001,0.18503,2016,-2.455503199418758,-1.6872373048885123,1,0,0,0,0,0
289,131,Malawi,132,4.1560000000000015,0.147,0.08709,0.29364,0.4143,0.07564,0.30968,2016,-2.58177003519188,-1.1722157727127445,1,0,0,0,0,0
290,132,Sudan,133,4.1389999999999985,0.8192799999999999,0.63069,0.29759,0.0,0.10039,0.18077,2016,-2.298692678278702,-1.7105297739953742,1,0,0,0,0,0
291,133,Gabon,134,4.121,0.72368,1.15851,0.3494,0.28098,0.09314,0.06244,2016,-2.373651541427906,-2.7735491833349055,1,0,0,0,0,0
292,134,Mali,135,4.073,0.8633299999999999,0.31292,0.16347,0.27544,0.13647,0.21064,2016,-1.9916504687321146,-1.557604763794083,1,0,0,0,0,0
293,135,Haiti,136,4.0280000000000005,0.29561,0.34097,0.27494,0.12072,0.14476,0.47958,2016,-1.9326780802865953,-0.7348445581161543,0,0,0,0,1,0
294,136,Botswana,137,3.974,0.89186,1.09426,0.34752,0.44089,0.10769,0.12425,2016,-2.2284985496413476,-2.085459614005399,1,0,0,0,0,0
295,137,Comoros,138,3.956,0.60323,0.27509,0.29981,0.15412,0.18437,0.1827,2016,-1.6908106708998376,-1.699909815598176,1,0,0,0,0,0
296,138,Ivory Coast,139,3.916,0.57576,0.55507,0.04476,0.40663,0.1553,0.20338,2016,-1.8623965488274956,-1.5926791286191457,1,0,0,0,0,0
297,139,Cambodia,140,3.907,0.5375,0.55604,0.42494,0.5885199999999999,0.08092,0.40339,2016,-2.5142942666825925,-0.9078514430603114,0,1,0,0,0,0
298,140,Angola,141,3.866,0.66366,0.84731,0.04991,0.00589,0.08434,0.12070999999999997,2016,-2.472899030663723,-2.1143643042691016,1,0,0,0,0,0
299,141,Niger,142,3.856,0.6053,0.1327,0.26162,0.38041,0.17176,0.2097,2016,-1.7616571254116116,-1.5620773410742628,1,0,0,0,0,0
300,142,South Sudan,143,3.832,0.18519,0.39394,0.15780999999999998,0.19662,0.13015,0.25899,2016,-2.0390676475415628,-1.3509658280665962,1,0,0,0,0,0
301,143,Chad,144,3.763,0.63178,0.42214,0.03824,0.12807000000000002,0.04952,0.18667,2016,-3.0053786506057962,-1.6784129269376316,1,0,0,0,0,0
302,144,Burkina Faso,145,3.739,0.63054,0.31995,0.21297,0.3337,0.12533,0.24353,2016,-2.076805020358706,-1.412515140762973,1,0,0,0,0,0
303,145,Uganda,145,3.739,0.90981,0.34719,0.19625,0.43653,0.06442,0.27102,2016,-2.742331135079084,-1.3055626600875694,1,0,0,0,0,0
304,146,Yemen,147,3.724,0.47493,0.57939,0.31048000000000003,0.2287,0.058920000000000014,0.09821,2016,-2.8315746873877075,-2.320647235812454,0,1,0,0,0,0
305,147,Madagascar,148,3.695,0.46115,0.27954,0.37109,0.13684000000000002,0.07506,0.2204,2016,-2.589467485275262,-1.5123112017033775,1,0,0,0,0,0
306,148,Tanzania,149,3.666,0.77623,0.47155,0.35700000000000004,0.3176,0.05099,0.31472,2016,-2.976125743915073,-1.1560719243413882,1,0,0,0,0,0
307,149,Liberia,150,3.622,0.50353,0.10706,0.23165,0.25748000000000004,0.04852,0.24063,2016,-3.0257791949062876,-1.424494794935194,1,0,0,0,0,0
308,150,Guinea,151,3.607,0.3109,0.22415,0.18829,0.30953,0.1192,0.29914,2016,-2.1269525243508878,-1.2068435877509565,1,0,0,0,0,0
309,151,Rwanda,152,3.515,0.6158600000000001,0.32846,0.31865,0.5432,0.50521,0.23552,2016,-0.6827810945607681,-1.4459594434416256,1,0,0,0,0,0
310,152,Benin,153,3.484,0.10419,0.39499,0.21028,0.39747,0.06681000000000001,0.2018,2016,-2.705902509044751,-1.6004781710626284,1,0,0,0,0,0
311,153,Afghanistan,154,3.36,0.11037,0.38227,0.17344,0.1643,0.07112,0.31268,2016,-2.6433866877764878,-1.1625749756300072,0,1,0,0,0,0
312,154,Togo,155,3.303,0.0,0.28123000000000004,0.24811,0.34678000000000003,0.11587,0.17517,2016,-2.155286405973166,-1.7419983480185812,1,0,0,0,0,0
313,155,Syria,156,3.069,0.14866,0.7471899999999999,0.6299399999999999,0.06912,0.17232999999999998,0.48397,2016,-1.7583440356886515,-0.7257323576576344,0,1,0,0,0,0
314,156,Burundi,157,2.905,0.23442,0.06831,0.15747,0.0432,0.09419,0.2029,2016,-2.362441260147411,-1.595042032150368,1,0,0,0,0,0
315,0,Norway,1,7.537000179290769,1.53352355957031,1.61646318435669,0.796666502952576,0.635422587394714,0.31596383452415505,0.36201223731041,2017,-1.1521275196532337,-1.0160772630028434,0,0,0,1,0,0
316,1,Denmark,2,7.52199983596802,1.55112159252167,1.48238301277161,0.7925655245780941,0.626006722450256,0.40077006816864,0.3552804887294771,2017,-0.9143674122181523,-1.0348476923814782,0,0,0,1,0,0
317,2,Iceland,3,7.50400018692017,1.6105740070343,1.480633020401,0.8335521221160892,0.6271626353263849,0.15352655947208402,0.475540220737457,2017,-1.873881701045367,-0.7433038143752551,0,0,0,1,0,0
318,3,Switzerland,4,7.49399995803833,1.51691174507141,1.5649795532226598,0.858131289482117,0.620070576667786,0.3670072853565221,0.29054927825927696,2017,-1.0023735800169078,-1.2359820845140923,0,0,0,1,0,0
319,4,Finland,5,7.468999862670901,1.5402467250824,1.44357192516327,0.80915766954422,0.6179508566856379,0.38261154294014,0.24548277258873,2017,-0.9607350526973129,-1.4045285069644486,0,0,0,1,0,0
320,5,Netherlands,6,7.3769998550415,1.42893922328949,1.50394463539124,0.8106961250305179,0.5853844881057739,0.282661825418472,0.470489829778671,2017,-1.263504059062306,-0.7539809359636086,0,0,0,1,0,0
321,6,Canada,7,7.31599998474121,1.48134899139404,1.47920441627502,0.83455765247345,0.611100912094116,0.287371516227722,0.435539722442627,2017,-1.2469794187118217,-0.8311692757293662,0,0,0,0,1,0
322,7,New Zealand,8,7.31400012969971,1.54819512367249,1.40570604801178,0.816759705543518,0.6140621304512021,0.38281670212745705,0.500005125999451,2017,-0.960198988883227,-0.6931369286135947,0,0,1,0,0,0
323,8,Sweden,9,7.28399991989136,1.47816216945648,1.49438726902008,0.830875158309937,0.612924098968506,0.384398728609085,0.38539925217628496,2017,-0.9560749093600306,-0.9534754633870308,0,0,0,1,0,0
324,9,Australia,10,7.28399991989136,1.5100419521331798,1.4844149351120002,0.84388679265976,0.601607382297516,0.301183730363846,0.477699249982834,2017,-1.2000348005716064,-0.7387739286464152,0,0,1,0,0,0
325,10,Israel,11,7.212999820709231,1.37628996372223,1.3753824234008798,0.83840399980545,0.405988603830338,0.0852421000599861,0.330082654953003,2017,-2.4622598350304994,-1.1084121863293188,0,1,0,0,0,0
326,11,Costa Rica,12,7.0789999961853,1.4164036512374898,1.10970628261566,0.7595092654228209,0.580131649971008,0.100106589496136,0.21461322903633104,2017,-2.3015197656953768,-1.53891780559544,0,0,0,0,1,0
327,12,Austria,13,7.00600004196167,1.4599449634552,1.48709726333618,0.8153284192085269,0.567766189575195,0.22106036543846105,0.316472321748734,2017,-1.5093194679818076,-1.1505194922528268,0,0,0,1,0,0
328,13,United States,14,6.993000030517581,1.4199205636978105,1.54625928401947,0.7742866277694699,0.505740523338318,0.135638788342476,0.392578780651093,2017,-1.9977598946569892,-0.9350180468656097,0,0,0,0,1,0
329,14,Ireland,15,6.977000236511231,1.55823111534119,1.5357066392898602,0.8097826242446899,0.5731103420257571,0.2983881533145901,0.42785832285881,2017,-1.2093601121289954,-0.8489631595579241,0,0,0,1,0,0
330,15,Germany,16,6.9510002136230495,1.47252035140991,1.48792338371277,0.798950731754303,0.562511384487152,0.276731938123703,0.33626917004585305,2017,-1.2847059737555222,-1.0898433384023876,0,0,0,1,0,0
331,16,Belgium,17,6.89099979400635,1.4623126983642598,1.46378076076508,0.8180918693542479,0.5397707223892211,0.251343131065369,0.23150333762168895,2017,-1.3809362173833992,-1.4631609881874712,0,0,0,1,0,0
332,17,Luxembourg,18,6.86299991607666,1.45758366584778,1.74194359779358,0.845089495182037,0.59662789106369,0.31883442401886,0.283180981874466,2017,-1.1430833579116189,-1.261669073815602,0,0,0,1,0,0
333,18,United Kingdom,19,6.71400022506714,1.4964600801467902,1.44163393974304,0.805335938930511,0.508190035820007,0.265428066253662,0.492774158716202,2017,-1.3264114119078707,-0.7077043058077743,0,0,0,1,0,0
334,19,Chile,20,6.65199995040894,1.28402495384216,1.25278460979462,0.8194797039031979,0.376895278692245,0.0822879821062088,0.3266624212265011,2017,-2.497530207402828,-1.118827992315486,0,0,0,0,0,1
335,20,United Arab Emirates,21,6.6479997634887695,1.26641023159027,1.6263433694839498,0.726798236370087,0.60834527015686,0.324489563703537,0.3609419465065,2017,-1.125501904515306,-1.0190381465824383,0,1,0,0,0,0
336,21,Brazil,22,6.63500022888184,1.43130600452423,1.10735321044922,0.6165523529052729,0.437453746795654,0.111092761158943,0.16234989464282998,2017,-2.1973897405444243,-1.8180014293843398,0,0,0,0,0,1
337,22,Czech Republic,23,6.60900020599365,1.43388521671295,1.35268235206604,0.754444003105164,0.490946173667908,0.0368729270994663,0.0881067588925362,2017,-3.300277680153995,-2.4292060305657275,0,0,0,1,0,0
338,23,Argentina,24,6.59899997711182,1.44045114517212,1.18529546260834,0.695137083530426,0.4945192039012911,0.059739887714385986,0.109457060694695,2017,-2.8177553457676505,-2.212222946406964,0,0,0,0,0,1
339,24,Mexico,25,6.57800006866455,1.210862159729,1.15318381786346,0.709978997707367,0.412730008363724,0.132774114608765,0.120990432798862,2017,-2.0191059810539196,-2.1120438042894176,0,0,0,0,1,0
340,25,Singapore,26,6.57200002670288,1.35381436347961,1.69227766990662,0.9494923949241642,0.549840569496155,0.46430778503418,0.345965981483459,2017,-0.7672076168468189,-1.0614148281700513,0,1,0,0,0,0
341,26,Malta,27,6.52699995040894,1.48841166496277,1.34327983856201,0.821944236755371,0.588767051696777,0.153066068887711,0.5747305750846861,2017,-1.876885628002836,-0.553853913065814,0,0,0,1,0,0
342,27,Uruguay,28,6.4539999961853,1.41222786903381,1.21755969524384,0.719216823577881,0.5793922543525699,0.17806187272071802,0.175096929073334,2017,-1.7256241895341855,-1.742415577974714,0,0,0,0,0,1
343,28,Guatemala,29,6.4539999961853,1.25558519363403,0.872001945972443,0.540239989757538,0.5313106179237371,0.0772232785820961,0.283488392829895,2017,-2.5610543313667464,-1.2605840990514525,0,0,0,0,1,0
344,29,Panama,30,6.4520001411438,1.3731925487518302,1.23374843597412,0.706156134605408,0.550026834011078,0.070983923971653,0.21055693924427,2017,-2.645301850512829,-1.5579991672147524,0,0,0,0,1,0
345,30,France,31,6.44199991226196,1.38777685165405,1.43092346191406,0.8444658517837521,0.470222115516663,0.172502428293228,0.129762306809425,2017,-1.7573439655476122,-2.0420509112651533,0,0,0,1,0,0
346,31,Thailand,32,6.423999786376951,1.4257924556732198,1.12786877155304,0.647239029407501,0.580200731754303,0.0316127352416515,0.572123110294342,2017,-3.454195225601277,-0.5584010829732053,0,1,0,0,0,0
347,32,Taiwan Province of China,33,6.42199993133545,1.38456535339355,1.4336265325546298,0.793984234333038,0.361466586589813,0.0638292357325554,0.258360475301743,2017,-2.7515439532692407,-1.3533994781317458,0,1,0,0,0,0
348,33,Spain,34,6.40299987792969,1.53209090232849,1.38439786434174,0.888960599899292,0.408781230449677,0.0709140971302986,0.190133571624756,2017,-2.646286034033479,-1.6600284452650624,0,0,0,1,0,0
349,34,Qatar,35,6.375,1.27429687976837,1.87076568603516,0.7100980877876278,0.604130983352661,0.4392992556095121,0.33047387003898604,2017,-0.8225744224941856,-1.1072276847252243,0,1,0,0,0,0
350,35,Colombia,36,6.35699987411499,1.4021829366683998,1.07062232494354,0.595027923583984,0.477487415075302,0.0466687418520451,0.14901447296142598,2017,-3.0646806777715168,-1.9037118437845746,0,0,0,0,0,1
351,36,Saudi Arabia,37,6.343999862670901,1.28667759895325,1.53062355518341,0.590148329734802,0.449750572443008,0.27343225479126004,0.147616013884544,2017,-1.2967013850918672,-1.913140877548201,0,1,0,0,0,0
352,37,Trinidad and Tobago,38,6.1680002212524405,1.3802285194397,1.36135590076447,0.5199832916259771,0.518630743026733,0.00896481610834599,0.32529646158218395,2017,-4.714447684310991,-1.1230183229607489,0,0,0,0,1,0
353,38,Kuwait,39,6.10500001907349,1.25969874858856,1.63295245170593,0.6321057081222529,0.496337592601776,0.21515955030918105,0.228289797902107,2017,-1.5363754316091127,-1.4771394136892766,0,1,0,0,0,0
354,39,Slovakia,40,6.09800004959106,1.5050592422485398,1.32539355754852,0.712732911109924,0.295817464590073,0.0242108516395092,0.136544480919838,2017,-3.7209543314716407,-1.9911048498958184,0,0,0,1,0,0
355,40,Bahrain,41,6.08699989318848,1.3231104612350502,1.48841226100922,0.653133034706116,0.536746919155121,0.257042169570923,0.17266848683357194,2017,-1.3585151236136608,-1.7563817839391516,0,1,0,0,0,0
356,41,Malaysia,42,6.08400011062622,1.28464603424072,1.29121541976929,0.618784427642822,0.4022649824619289,0.0656007081270218,0.416608929634094,2017,-2.7241687884711205,-0.8756073158336283,0,1,0,0,0,0
357,42,Nicaragua,43,6.07100009918213,1.28721570968628,0.737299203872681,0.6530959606170649,0.447551846504211,0.130687981843948,0.301674216985703,2017,-2.0349426148066967,-1.1984075955816444,0,0,0,0,1,0
358,43,Ecuador,44,6.00799989700317,1.28616881370544,1.00082039833069,0.685636222362518,0.4551981985569,0.140134647488594,0.15011246502399406,2017,-1.9651515507994581,-1.8963704989939865,0,0,0,0,0,1
359,44,El Salvador,45,6.0029997825622585,1.1821250915527302,0.909784495830536,0.596018552780151,0.432452529668808,0.0899809598922729,0.0782579854130745,2017,-2.4081571877856818,-2.5477444047612803,0,0,0,0,1,0
360,45,Poland,46,5.97300004959106,1.44571197032928,1.29178786277771,0.699475347995758,0.520342111587524,0.0593078061938286,0.158465966582298,2017,-2.8250143426230805,-1.8422154305990908,0,0,0,1,0,0
361,46,Uzbekistan,47,5.97100019454956,1.54896914958954,0.786441087722778,0.498272627592087,0.6582486629486078,0.246528223156929,0.415983647108078,2017,-1.4002787964878745,-0.8771093293298766,0,1,0,0,0,0
362,47,Italy,48,5.96400022506714,1.44492328166962,1.39506661891937,0.8531443476676941,0.256450712680817,0.0280280914157629,0.17278964817523998,2017,-3.5745480068920807,-1.7556803307999287,0,0,0,1,0,0
363,48,Russia,49,5.962999820709231,1.46928238868713,1.28177809715271,0.547349333763123,0.373783111572266,0.0329628810286522,0.0522638224065304,2017,-3.412373167911,-2.9514508794570684,0,0,0,1,0,0
364,49,Belize,50,5.955999851226809,1.08141779899597,0.907975316047668,0.450191766023636,0.5475093722343439,0.0965810716152191,0.24001564085483604,2017,-2.3373725029758172,-1.4270511875351493,0,0,0,0,1,0
365,50,Japan,51,5.92000007629395,1.43633782863617,1.41691517829895,0.9134758710861208,0.505625545978546,0.163760736584663,0.12057276815176,2017,-1.8093488396869533,-2.1155018232397995,0,1,0,0,0,0
366,51,Lithuania,52,5.90199995040894,1.47351610660553,1.3145823478698702,0.62894994020462,0.234231784939766,0.0118656428530812,0.010164656676352,2017,-4.434108209940028,-4.588838607548263,0,0,0,1,0,0
367,52,Algeria,53,5.8720002174377415,1.1462174654007,1.09186446666718,0.6175846457481379,0.233335807919502,0.14609611034393302,0.0694366469979286,2017,-1.9234905838246998,-2.667340496116017,1,0,0,0,0,0
368,53,Latvia,54,5.849999904632571,1.40471494197845,1.26074862480164,0.638566970825195,0.325707912445068,0.0738427266478539,0.153074786067009,2017,-2.6058177630357466,-1.8768286791888553,0,0,0,1,0,0
369,54,South Korea,55,5.837999820709231,1.1282744407653795,1.40167844295502,0.900214076042175,0.257921665906906,0.0632826685905457,0.206674367189407,2017,-2.7601437852591717,-1.5766108297113635,0,1,0,0,0,0
370,55,Moldova,56,5.837999820709231,1.25182557106018,0.7288706302642819,0.5894652009010309,0.240729048848152,0.0100912861526012,0.20877912640571605,2017,-4.5960829846922895,-1.5664783972922023,0,0,0,1,0,0
371,56,Romania,57,5.824999809265139,1.15009129047394,1.21768391132355,0.6851583123207089,0.457003742456436,0.004387900698930029,0.133519917726517,2017,-5.428904366968785,-2.013504615817206,0,0,0,1,0,0
372,57,Bolivia,58,5.82299995422363,1.22761905193329,0.833756566047668,0.4736302495002751,0.5587329268455511,0.0604777261614799,0.22556072473526,2017,-2.805480144354004,-1.4891658669996386,0,0,0,0,0,1
373,58,Turkmenistan,59,5.82200002670288,1.49314916133881,1.1307767629623402,0.437726080417633,0.41827192902565,0.2592703402042389,0.24992498755455,2017,-1.3498839770745987,-1.386594455925633,0,1,0,0,0,0
374,59,Kazakhstan,60,5.8189997673034695,1.38436901569366,1.2845562696456898,0.6060415506362921,0.43745428323745705,0.11928288638591802,0.20196442306041695,2017,-2.1262574104120087,-1.599663720555773,0,1,0,0,0,0
375,60,North Cyprus,61,5.80999994277954,1.18630337715149,1.3469113111496,0.834647238254547,0.471203625202179,0.155353352427483,0.266845703125,2017,-1.8620530635401769,-1.3210846785428052,0,0,0,1,0,0
376,61,Slovenia,62,5.75799989700317,1.4525188207626298,1.3412059545517,0.7908282279968258,0.572575807571411,0.0451289787888527,0.242649093270302,2017,-3.098230693609914,-1.4161389399180213,0,0,0,1,0,0
377,62,Peru,63,5.71500015258789,1.21877038478851,1.03522527217865,0.6301661133766171,0.4500028789043429,0.0470490865409374,0.126819714903831,2017,-3.056563827784541,-2.0649887687506983,0,0,0,0,0,1
378,63,Mauritius,64,5.62900018692017,1.20956099033356,1.18939554691315,0.6380074620246889,0.491247326135635,0.0421815551817417,0.360933750867844,2017,-3.1657722344892956,-1.0190608530918446,1,0,0,0,0,0
379,64,Cyprus,65,5.62099981307983,1.13136327266693,1.35593807697296,0.84471470117569,0.35511153936386103,0.0412379764020443,0.271254301071167,2017,-3.1883956898529,-1.3046985177696155,0,0,0,1,0,0
380,65,Estonia,66,5.61100006103516,1.47667109966278,1.3208793401718102,0.695168316364288,0.479131430387497,0.18324892222881306,0.0988908112049103,2017,-1.6969098196579757,-2.31373895463033,0,0,0,1,0,0
381,66,Belarus,67,5.5689997673034695,1.4449452161788898,1.15655755996704,0.6377142667770389,0.295400261878967,0.156313821673393,0.15513750910759,2017,-1.855889615052461,-1.8634433998199325,0,0,0,1,0,0
382,67,Libya,68,5.525000095367429,1.35756433010101,1.10180306434631,0.520169019699097,0.465733230113983,0.0926102101802826,0.15207366645336198,2017,-2.3793558822821526,-1.8833902278201484,1,0,0,0,0,0
383,68,Turkey,69,5.5,1.33775317668915,1.1982743740081798,0.6376056075096129,0.300740599632263,0.0996715798974037,0.0466930419206619,2017,-2.3058746988451304,-3.06416012068309,0,1,0,0,0,0
384,69,Paraguay,70,5.493000030517581,1.50728487968445,0.932537317276001,0.579250693321228,0.473507791757584,0.091065913438797,0.224150657653809,2017,-2.39617171115769,-1.4954368743952136,0,0,0,0,0,1
385,70,"Hong Kong S.A.R., China",71,5.47200012207031,1.26279091835022,1.55167484283447,0.943062424659729,0.490968644618988,0.293933749198914,0.374465793371201,2017,-1.2244008798978094,-0.9822548196593133,0,1,0,0,0,0
386,71,Philippines,72,5.42999982833862,1.25391757488251,0.85769921541214,0.468009054660797,0.585214674472809,0.0993318930268288,0.193513423204422,2017,-2.3092885809798758,-1.6424083983528386,0,1,0,0,0,0
387,72,Serbia,73,5.39499998092651,1.2581897974014298,1.06931757926941,0.65078467130661,0.20871552824974104,0.0409037806093693,0.22012588381767295,2017,-3.1965327847683707,-1.5135556971020592,0,0,0,1,0,0
388,73,Jordan,74,5.33599996566772,1.23908889293671,0.9910123944282528,0.6045900583267211,0.418421149253845,0.11980327218771003,0.17217046022415194,2017,-2.1219042799199617,-1.7592702451175126,0,1,0,0,0,0
389,74,Hungary,75,5.32399988174438,1.34313309192657,1.2860119342803995,0.6877634525299069,0.17586351931095098,0.0366369374096394,0.0784016624093056,2017,-3.306698328651168,-2.5459101476502544,0,0,0,1,0,0
390,75,Jamaica,76,5.31099987030029,1.3682180643081698,0.925579309463501,0.6410223841667181,0.474307239055634,0.0552677810192108,0.23381833732128104,2017,-2.8955651619579212,-1.4532108013633076,0,0,0,0,1,0
391,76,Croatia,77,5.2930002212524405,0.96798300743103,1.22255623340607,0.701288521289825,0.255772292613983,0.0431031100451946,0.248002976179123,2017,-3.1441601256545373,-1.3943145321668928,0,0,0,1,0,0
392,77,Kosovo,78,5.27899980545044,1.13785350322723,0.951484382152557,0.541452050209045,0.260287940502167,0.0574716180562973,0.319931447505951,2017,-2.856464052059847,-1.1396485326820518,0,0,0,1,0,0
393,78,China,79,5.2729997634887695,1.16083741188049,1.08116579055786,0.741415500640869,0.472787708044052,0.0227942746132612,0.0288068410009146,2017,-3.781245888009461,-3.5471423852931707,0,1,0,0,0,0
394,79,Pakistan,80,5.26900005340576,0.6726906895637509,0.7268835306167599,0.402047783136368,0.23521526157856,0.124348066747189,0.3154460191726681,2017,-2.084670655719769,-1.1537677077641462,0,1,0,0,0,0
395,80,Indonesia,81,5.26200008392334,1.27444469928741,0.995538592338562,0.4923457205295561,0.443323463201523,0.0153171354904771,0.611704587936401,2017,-4.178783110580725,-0.4915058124570188,0,1,0,0,0,0
396,81,Venezuela,82,5.25,1.43133759498596,1.12843120098114,0.617144227027893,0.15399712324142498,0.0644911229610443,0.0650196298956871,2017,-2.7412276931630237,-2.73306605628365,0,0,0,0,0,1
397,82,Montenegro,83,5.23699998855591,1.23837649822235,1.12112903594971,0.6674646735191351,0.194989055395126,0.0881741940975189,0.197911024093628,2017,-2.428440942708777,-1.6199377225505307,0,0,0,1,0,0
398,83,Morocco,84,5.2350001335144,0.774864435195923,0.8781145811080929,0.59771066904068,0.408158332109451,0.0877631828188896,0.0322099551558495,2017,-2.433113196365494,-3.4354797078831067,1,0,0,0,0,0
399,84,Azerbaijan,85,5.2340002059936515,1.15240025520325,1.1536017656326298,0.5407757759094239,0.3981558382511141,0.180987507104874,0.0452693402767181,2017,-1.7093272716184393,-3.0951252907193605,0,1,0,0,0,0
400,85,Dominican Republic,86,5.230000019073491,1.4024167060852095,1.07937383651733,0.574873745441437,0.55258983373642,0.113945253193378,0.186967849731445,2017,-2.1720371810832777,-1.67681860347843,0,0,0,0,1,0
401,86,Greece,87,5.227000236511231,1.23941457271576,1.28948748111725,0.8101989030838009,0.0957312509417534,0.04328977689147,0.0,2017,-3.1398387713537255,0.0,0,0,0,1,0,0
402,87,Lebanon,88,5.22499990463257,1.12962424755096,1.07498753070831,0.7350810766220089,0.28851598501205394,0.037513829767704,0.26445075869560203,2017,-3.283045620188052,-1.3301002125175534,0,1,0,0,0,0
403,88,Portugal,89,5.19500017166138,1.36704301834106,1.3151752948761002,0.795843541622162,0.498465299606323,0.0158694516867399,0.0951027125120163,2017,-4.1433592953406375,-2.3527977871034222,0,0,0,1,0,0
404,89,Bosnia and Herzegovina,90,5.18200016021729,1.0693359375,0.982409417629242,0.705186307430267,0.204403176903725,0.0,0.328867495059967,2017,0.0,-1.11210035992017,0,0,0,1,0,0
405,90,Honduras,91,5.1810002326965305,1.14394497871399,0.730573117733002,0.582569479942322,0.348079860210419,0.0733454525470734,0.23618887364864305,2017,-2.6125747729465996,-1.4431234819649468,0,0,0,0,1,0
406,91,Macedonia,92,5.1750001907348615,1.20789301395416,1.06457793712616,0.644948184490204,0.325905978679657,0.0602777935564518,0.25376096367836,2017,-2.8087915091377553,-1.3713625429452923,0,0,0,1,0,0
407,92,Somalia,93,5.151000022888179,0.7211513519287109,0.0226431842893362,0.113989137113094,0.602126955986023,0.28241032361984303,0.291631311178207,2017,-1.2643942173037415,-1.232264907457803,1,0,0,0,0,0
408,93,Vietnam,94,5.07399988174438,1.27749133110046,0.7885475754737851,0.6521689891815191,0.571055591106415,0.0876332372426987,0.234968051314354,2017,-2.434594932422825,-1.448305725934082,0,1,0,0,0,0
409,94,Nigeria,95,5.07399988174438,1.21577048301697,0.783756256103516,0.0569157302379608,0.394952565431595,0.0261215660721064,0.230947196483612,2017,-3.64499401955247,-1.4655661812412843,1,0,0,0,0,0
410,95,Tajikistan,96,5.04099988937378,1.27146327495575,0.524713635444641,0.5292351245880129,0.471566706895828,0.14637714624404902,0.24899764358997306,2017,-1.921568794530938,-1.3903118460562927,0,1,0,0,0,0
411,96,Bhutan,97,5.01100015640259,1.3401265144348102,0.885416388511658,0.495879292488098,0.5015376806259161,0.17338038980960802,0.474054545164108,2017,-1.7522673132478959,-0.746432889721705,0,1,0,0,0,0
412,97,Kyrgyzstan,98,5.0040001869201705,1.39423859119415,0.5962200760841371,0.553457796573639,0.454943388700485,0.0394391790032387,0.42858037352562,2017,-3.232995565812269,-0.8472769890452315,0,1,0,0,0,0
413,98,Nepal,99,4.961999893188481,1.17928326129913,0.479820191860199,0.504130780696869,0.4403059482574461,0.0729755461215973,0.3940961658954621,2017,-2.6176308785892854,-0.9311603235890669,0,1,0,0,0,0
414,99,Mongolia,100,4.95499992370605,1.4930112361908,1.02723586559296,0.557783484458923,0.3941439688205721,0.0329022891819477,0.338464230298996,2017,-3.414213043632976,-1.0833368634128229,0,1,0,0,0,0
415,100,South Africa,101,4.8289999961853,1.38478863239288,1.05469870567322,0.18708007037639604,0.479246735572815,0.0725094974040985,0.13936237990856198,2017,-2.6240377270238646,-1.9706776886087074,1,0,0,0,0,0
416,101,Tunisia,102,4.80499982833862,0.8683514595031742,1.00726580619812,0.613212049007416,0.289680689573288,0.0867231488227844,0.0496933571994305,2017,-2.4450344317241663,-3.0018840127717197,1,0,0,0,0,0
417,102,Palestinian Territories,103,4.77500009536743,1.15564715862274,0.716249227523804,0.565666973590851,0.25471106171608,0.0892826020717621,0.114173173904419,2017,-2.4159486357048254,-2.170038913869334,0,1,0,0,0,0
418,103,Egypt,104,4.7350001335144,0.997471392154694,0.989701807498932,0.520187258720398,0.28211015462875394,0.114381365478039,0.128631442785263,2017,-2.1682171024823034,-2.0508039964010245,1,0,0,0,0,0
419,104,Bulgaria,105,4.71400022506714,1.43437945842743,1.1614590883255,0.708217680454254,0.2892317175865169,0.0110515309497714,0.113177694380283,2017,-4.505186313124568,-2.178796178739764,0,0,0,1,0,0
420,105,Sierra Leone,106,4.70900011062622,0.984136044979095,0.36842092871666,0.005564753897488121,0.318697690963745,0.0710951760411263,0.293040901422501,2017,-2.6437357919975257,-1.2274430844089486,1,0,0,0,0,0
421,106,Cameroon,107,4.69500017166138,0.946018218994141,0.564305365085602,0.132892116904259,0.430388748645782,0.0513066314160824,0.23629845678806305,2017,-2.969935267789692,-1.4426596255424535,1,0,0,0,0,0
422,107,Iran,108,4.69199991226196,0.7115512490272521,1.15687310695648,0.639333188533783,0.24932260811328896,0.048761073499918005,0.387242913246155,2017,-3.0208229586163777,-0.9487031000562122,0,1,0,0,0,0
423,108,Albania,109,4.64400005340576,0.8036852478981021,0.996192753314972,0.731159746646881,0.381498634815216,0.0398642159998417,0.201312944293022,2017,-3.2222761995990474,-1.6028946449113628,0,0,0,1,0,0
424,109,Bangladesh,110,4.60799980163574,0.735131740570068,0.586682975292206,0.533241033554077,0.478356659412384,0.123717859387398,0.17225535213947304,2017,-2.089751633389005,-1.758777297643817,0,1,0,0,0,0
425,110,Namibia,111,4.57399988174438,1.0984708070755,0.964434325695038,0.33861181139946,0.520303547382355,0.0931469723582268,0.0771337449550629,2017,-2.373576685326679,-2.562214416408848,1,0,0,0,0,0
426,111,Kenya,112,4.55299997329712,1.06795072555542,0.560479462146759,0.30998834967613204,0.452763766050339,0.0646413192152977,0.444860309362411,2017,-2.738901456325049,-0.8099949576415831,1,0,0,0,0,0
427,112,Mozambique,113,4.5500001907348615,0.870701014995575,0.234305649995804,0.106654435396194,0.480791091918945,0.17943638563156106,0.322228103876114,2017,-1.7179345314632326,-1.1324955871017528,1,0,0,0,0,0
428,113,Myanmar,114,4.54500007629395,1.12323594093323,0.36711055040359497,0.397522568702698,0.514492034912109,0.188816204667091,0.8380751609802249,2017,-1.6669811991493961,-0.17664749161485327,0,1,0,0,0,0
429,114,Senegal,115,4.53499984741211,1.17969191074371,0.479309022426605,0.409362852573395,0.37792226672172496,0.115460447967052,0.183468893170357,2017,-2.158827249510592,-1.695710145365159,1,0,0,0,0,0
430,115,Zambia,116,4.513999938964839,1.00318729877472,0.6364067792892459,0.25783589482307395,0.461603492498398,0.0782135501503944,0.249580144882202,2017,-2.54831237086086,-1.3879751933985425,1,0,0,0,0,0
431,116,Iraq,117,4.49700021743774,0.978613197803497,1.1027104854583702,0.501180469989777,0.288555532693863,0.107215754687786,0.19963726401329,2017,-2.2329120757726497,-1.6112532390764709,0,1,0,0,0,0
432,117,Gabon,118,4.46500015258789,1.1556202173233,1.1982102394104,0.35657858848571794,0.31232857704162603,0.0760467872023582,0.0437853783369064,2017,-2.5764065070290694,-3.1284553452571933,1,0,0,0,0,0
433,118,Ethiopia,119,4.46000003814697,0.8646692037582401,0.339233845472336,0.353409707546234,0.408842742443085,0.16545571386814098,0.31265074014663696,2017,-1.7990517098941887,-1.1626685576387137,1,0,0,0,0,0
434,119,Sri Lanka,120,4.44000005722046,1.25997638702393,1.00985014438629,0.625130832195282,0.561213254928589,0.0736539661884308,0.490863561630249,2017,-2.6083772856778245,-0.7115890683564798,0,1,0,0,0,0
435,120,Armenia,121,4.37599992752075,1.00748372077942,0.900596737861633,0.637524425983429,0.198303267359734,0.0266744215041399,0.0834880918264389,2017,-3.6240501688471056,-2.4830512701525267,0,1,0,0,0,0
436,121,India,122,4.31500005722046,0.754372596740723,0.7922212481498722,0.455427616834641,0.469987004995346,0.0922268852591515,0.23153848946094505,2017,-2.3835035937549405,-1.463009158105316,0,1,0,0,0,0
437,122,Mauritania,123,4.29199981689453,1.2720308303833,0.6484572887420649,0.285349279642105,0.0960980430245399,0.136957004666328,0.201870024204254,2017,-1.9880882369627313,-1.6001312332136048,1,0,0,0,0,0
438,123,Congo (Brazzaville),124,4.29099988937378,0.8320443630218509,0.8089642524719242,0.28995743393898,0.4350258708000179,0.0796181336045265,0.12085212767124197,2017,-2.530513402974261,-2.1131875661022983,1,0,0,0,0,0
439,124,Georgia,125,4.28599977493286,0.57061493396759,0.950612664222717,0.649546980857849,0.309410035610199,0.25166663527488703,0.0540088154375553,2017,-1.3796499431367781,-2.9186079968978884,0,1,0,0,0,0
440,125,Congo (Kinshasa),126,4.280000209808351,1.22902345657349,0.0921023488044739,0.191407024860382,0.235961347818375,0.0602413564920425,0.246455833315849,2017,-2.8093961776158327,-1.4005724767424377,1,0,0,0,0,0
441,126,Mali,127,4.19000005722046,1.2814733982086202,0.476180493831635,0.16936567425727805,0.306613743305206,0.10497024655342098,0.183354198932648,2017,-2.254078335138285,-1.696335483539967,1,0,0,0,0,0
442,127,Ivory Coast,128,4.17999982833862,0.904780030250549,0.6030489206314089,0.0486421696841717,0.4477061927318571,0.130061775445938,0.201237469911575,2017,-2.0397457456583092,-1.6032696259307242,1,0,0,0,0,0
443,128,Cambodia,129,4.1680002212524405,1.00623834133148,0.6017650961875921,0.429783403873444,0.633375823497772,0.0681059509515762,0.385922968387604,2017,-2.686690684158859,-0.9521174931954876,0,1,0,0,0,0
444,129,Sudan,130,4.138999938964839,1.21400856971741,0.6595166921615601,0.290920823812485,0.0149958552792668,0.089847519993782,0.182317450642586,2017,-2.4096412677608576,-1.7020058770155169,1,0,0,0,0,0
445,130,Ghana,131,4.11999988555908,0.873664736747742,0.667224824428558,0.29563772678375205,0.423026293516159,0.0253363698720932,0.25692394375801103,2017,-3.6755143711748555,-1.3589751765701932,1,0,0,0,0,0
446,131,Ukraine,132,4.09600019454956,1.39453756809235,0.89465194940567,0.575903952121735,0.122974775731564,0.0230294708162546,0.270061463117599,2017,-3.770980543431145,-1.3091057047137908,0,0,0,1,0,0
447,132,Uganda,133,4.08099985122681,1.12982773780823,0.381430715322495,0.21763260662555706,0.443185955286026,0.057069718837738,0.32576605677604703,2017,-2.863481621066683,-1.1215757724773299,1,0,0,0,0,0
448,133,Burkina Faso,134,4.03200006484985,1.04328000545502,0.3502277135849001,0.21584425866603896,0.32436785101890603,0.12032810598611805,0.250864684581757,2017,-2.11753305081951,-1.3828415904718023,1,0,0,0,0,0
449,134,Niger,135,4.02799987792969,0.993025004863739,0.16192533075809498,0.26850500702858,0.36365869641304,0.13857294619083402,0.228673845529556,2017,-1.9763584047073768,-1.4754585459730343,1,0,0,0,0,0
450,135,Malawi,136,3.97000002861023,0.5125688314437871,0.233442038297653,0.315089583396912,0.466914653778076,0.0727116540074348,0.28717046976089505,2017,-2.621253604574024,-1.2476792682613265,1,0,0,0,0,0
451,136,Chad,137,3.9360001087188703,0.953855872154236,0.43801298737525896,0.0411347150802612,0.16234202682972002,0.0535818822681904,0.216113850474358,2017,-2.926544285430641,-1.5319499246293224,1,0,0,0,0,0
452,137,Zimbabwe,138,3.875,1.08309590816498,0.3758465349674221,0.19676375389099104,0.336384207010269,0.0953753814101219,0.189143493771553,2017,-2.3499347903278776,-1.6652493256844763,1,0,0,0,0,0
453,138,Lesotho,139,3.80800008773804,1.19009518623352,0.521021246910095,0.0,0.390661299228668,0.119094640016556,0.157497271895409,2017,-2.127836807692739,-1.8483471421654554,1,0,0,0,0,0
454,139,Angola,140,3.79500007629395,1.10441195964813,0.8584281802177429,0.0498686656355858,0.0,0.0697203353047371,0.09792649000883097,2017,-2.663263249036989,-2.3235381837294993,1,0,0,0,0,0
455,140,Afghanistan,141,3.79399991035461,0.581543326377869,0.401477217674255,0.18074677884578694,0.106179520487785,0.0611578300595284,0.311870932579041,2017,-2.7942973782837175,-1.1651658543921295,0,1,0,0,0,0
456,141,Botswana,142,3.7660000324249294,1.22155499458313,1.12209415435791,0.34175550937652605,0.505196332931519,0.0985831990838051,0.0993484482169151,2017,-2.3168544265799467,-2.309121929462962,1,0,0,0,0,0
457,142,Benin,143,3.65700006484985,0.435299843549728,0.43108540773391707,0.20993021130561804,0.42596277594566295,0.0609290152788162,0.207948461174965,2017,-2.798045776368561,-1.5704650127967203,1,0,0,0,0,0
458,143,Madagascar,144,3.64400005340576,0.9130203723907472,0.305808693170547,0.375223308801651,0.18919676542282104,0.0672319754958153,0.208732530474663,2017,-2.6996063187916612,-1.5667016051019897,1,0,0,0,0,0
459,144,Haiti,145,3.6029999256134,0.640449821949005,0.368610262870789,0.277321130037308,0.0303698573261499,0.0998721495270729,0.4892037808895109,2017,-2.30386441570776,-0.7149761464796263,0,0,0,0,1,0
460,145,Yemen,146,3.59299993515015,0.93538224697113,0.5916834473609921,0.310080915689468,0.24946372210979506,0.0567674227058887,0.104125209152699,2017,-2.8687926617046666,-2.2621611698277695,0,1,0,0,0,0
461,146,South Sudan,147,3.5910000801086404,0.601323127746582,0.39724862575531,0.163486003875732,0.147062435746193,0.116793513298035,0.285670816898346,2017,-2.1473477469621294,-1.252915120925751,1,0,0,0,0,0
462,147,Liberia,148,3.532999992370609,0.8721179366111759,0.119041793048382,0.229918196797371,0.33288118243217496,0.0389482490718365,0.26654988527298,2017,-3.2455214609020837,-1.322193866128091,1,0,0,0,0,0
463,148,Guinea,149,3.50699996948242,0.7912446856498722,0.24454993009567305,0.194129139184952,0.348587512969971,0.110937617719173,0.264815092086792,2017,-2.1987872381823914,-1.3287234622579283,1,0,0,0,0,0
464,149,Togo,150,3.4949998855590803,0.4318825304508211,0.3054447174072269,0.247105568647385,0.38042613863945,0.0956650152802467,0.19689615070819896,2017,-2.346902613918568,-1.625078843004032,1,0,0,0,0,0
465,150,Rwanda,151,3.47099995613098,0.945707023143768,0.368745893239975,0.326424807310104,0.5818438529968261,0.455220013856888,0.2527560293674469,2017,-0.7869744299641184,-1.375330566302001,1,0,0,0,0,0
466,151,Syria,152,3.46199989318848,0.396102607250214,0.777153134346008,0.5005333423614501,0.0815394446253777,0.15134713053703305,0.493663728237152,2017,-1.8881792028151596,-0.7059007056544125,0,1,0,0,0,0
467,152,Tanzania,153,3.34899997711182,1.04198980331421,0.511135876178741,0.364509284496307,0.390017777681351,0.0660351067781448,0.354256361722946,2017,-2.7175687574944942,-1.037734442286227,1,0,0,0,0,0
468,153,Burundi,154,2.90499997138977,0.629793584346771,0.091622568666935,0.151610791683197,0.0599007532000542,0.0841479450464249,0.20443518459796894,2017,-2.475178778769168,-1.5875042994683974,1,0,0,0,0,0
469,154,Central African Republic,155,2.69300007820129,0.0,0.0,0.0187726859003305,0.270842045545578,0.0565650761127472,0.280876487493515,2017,-2.872363514024356,-1.2698402525636,1,0,0,0,0,0
470,0,Finland,1,7.6320000000000014,1.592,1.305,0.8740000000000001,0.6809999999999999,0.393,0.192,2018,-0.9339456671128757,-1.6502599069543555,0,0,0,1,0,0
471,1,Norway,2,7.5939999999999985,1.582,1.456,0.861,0.6859999999999999,0.34,0.28600000000000003,2018,-1.0788096613719298,-1.2517634681622845,0,0,0,1,0,0
472,2,Denmark,3,7.555,1.59,1.351,0.868,0.6829999999999999,0.408,0.284,2018,-0.8964881045779755,-1.258781040820931,0,0,0,1,0,0
473,3,Iceland,4,7.495,1.644,1.3430000000000002,0.914,0.677,0.138,0.353,2018,-1.9805015938249322,-1.0412872220488403,0,0,0,1,0,0
474,4,Switzerland,5,7.487,1.5490000000000002,1.42,0.927,0.66,0.35700000000000004,0.256,2018,-1.0300194972024979,-1.3625778345025745,0,0,0,1,0,0
475,5,Netherlands,6,7.441,1.4880000000000002,1.361,0.878,0.638,0.295,0.333,2018,-1.2207799226423173,-1.0996127890016931,0,0,0,1,0,0
476,6,Canada,7,7.3279999999999985,1.5319999999999998,1.33,0.8959999999999999,0.653,0.29100000000000004,0.321,2018,-1.2344320118106444,-1.1363141558521213,0,0,0,0,1,0
477,7,New Zealand,8,7.324,1.601,1.268,0.8759999999999999,0.669,0.389,0.365,2018,-0.9441759353636907,-1.0078579253996456,0,0,1,0,0,0
478,8,Sweden,9,7.314,1.501,1.355,0.913,0.659,0.383,0.285,2018,-0.959720289801491,-1.2552660987134867,0,0,0,1,0,0
479,9,Australia,10,7.272,1.5730000000000002,1.34,0.91,0.647,0.302,0.361,2018,-1.1973282616072674,-1.018877320649256,0,0,1,0,0,0
480,10,Israel,11,7.19,1.433,1.244,0.888,0.464,0.08199999999999999,0.262,2018,-2.501036031717884,-1.3394107752210402,0,1,0,0,0,0
481,11,Austria,12,7.1389999999999985,1.504,1.341,0.8909999999999999,0.617,0.224,0.242,2018,-1.4961092271270973,-1.4188175528254507,0,0,0,1,0,0
482,12,Costa Rica,13,7.072,1.459,1.01,0.8170000000000001,0.632,0.101,0.14300000000000002,2018,-2.2926347621408776,-1.9449106487222296,0,0,0,0,1,0
483,13,Ireland,14,6.977,1.5830000000000002,1.4480000000000002,0.8759999999999999,0.614,0.306,0.307,2018,-1.1841701770297564,-1.18090753139494,0,0,0,1,0,0
484,14,Germany,15,6.965,1.474,1.34,0.861,0.586,0.28,0.273,2018,-1.2729656758128873,-1.2982834837971773,0,0,0,1,0,0
485,15,Belgium,16,6.9270000000000005,1.483,1.324,0.894,0.583,0.24,0.188,2018,-1.4271163556401458,-1.6713133161521878,0,0,0,1,0,0
486,16,Luxembourg,17,6.91,1.52,1.5759999999999998,0.8959999999999999,0.632,0.321,0.196,2018,-1.1363141558521213,-1.6296406197516198,0,0,0,1,0,0
487,17,United States,18,6.886,1.471,1.398,0.8190000000000001,0.547,0.133,0.29100000000000004,2018,-2.017406150760383,-1.2344320118106444,0,0,0,0,1,0
488,18,United Kingdom,19,6.814,1.5590000000000002,1.301,0.883,0.5329999999999999,0.272,0.354,2018,-1.3019532126861397,-1.0384583658483626,0,0,0,1,0,0
489,19,United Arab Emirates,20,6.774,0.7759999999999999,2.096,0.67,0.284,0.094,0.18600000000000005,2018,-2.364460496712133,-1.6820086052689356,0,1,0,0,0,0
490,20,Czech Republic,21,6.711,1.489,1.233,0.8540000000000001,0.5429999999999999,0.034,0.064,2018,-3.3813947543659757,-2.7488721956224653,0,0,0,1,0,0
491,21,Malta,22,6.627000000000002,1.525,1.27,0.884,0.645,0.142,0.376,2018,-1.9519282213808764,-0.9781661355922425,0,0,0,1,0,0
492,22,France,23,6.489,1.466,1.293,0.908,0.52,0.17600000000000002,0.098,2018,-1.7372712839439852,-2.322787800311565,0,0,0,1,0,0
493,23,Mexico,24,6.488,1.252,1.038,0.7609999999999999,0.479,0.095,0.069,2018,-2.353878387381596,-2.6736487743848776,0,0,0,0,1,0
494,24,Chile,25,6.476,1.331,1.131,0.8079999999999999,0.431,0.061,0.197,2018,-2.796881414808826,-1.6245515502441485,0,0,0,0,0,1
495,25,Taiwan,26,6.441,1.436,1.365,0.857,0.418,0.078,0.151,2018,-2.551046452292545,-1.8904754421672127,1,0,0,0,0,0
496,26,Panama,27,6.43,1.4380000000000002,1.112,0.759,0.597,0.063,0.125,2018,-2.7646205525906042,-2.0794415416798357,0,0,0,0,1,0
497,27,Brazil,28,6.419,1.474,0.986,0.675,0.493,0.08800000000000001,0.11,2018,-2.4304184645039304,-2.2072749131897207,0,0,0,0,0,1
498,28,Argentina,29,6.388,1.4680000000000002,1.073,0.7440000000000001,0.57,0.054000000000000006,0.062,2018,-2.9187712324178627,-2.7806208939370456,0,0,0,0,0,1
499,29,Guatemala,30,6.3820000000000014,1.268,0.7809999999999999,0.608,0.604,0.071,0.179,2018,-2.645075401940822,-1.720369473141382,0,0,0,0,1,0
500,30,Uruguay,31,6.379,1.459,1.093,0.7709999999999999,0.625,0.155,0.13,2018,-1.8643301620628905,-2.0402208285265546,0,0,0,0,0,1
501,31,Qatar,32,6.374,1.3030000000000002,1.649,0.748,0.654,0.171,0.256,2018,-1.7660917224794772,-1.3625778345025745,0,1,0,0,0,0
502,32,Saudi Arabia,33,6.371,1.331,1.379,0.633,0.509,0.127,0.098,2018,-2.0635681925235456,-2.322787800311565,0,1,0,0,0,0
503,33,Singapore,34,6.343,1.4509999999999998,1.529,1.008,0.631,0.457,0.261,2018,-0.7830718880879323,-1.3432348716594436,0,1,0,0,0,0
504,34,Malaysia,35,6.322,1.258,1.161,0.669,0.35600000000000004,0.059,0.311,2018,-2.8302178350764176,-1.1679623668029029,0,1,0,0,0,0
505,35,Spain,36,6.31,1.538,1.251,0.965,0.449,0.07400000000000001,0.142,2018,-2.603690185777967,-1.9519282213808764,0,0,0,1,0,0
506,36,Colombia,37,6.26,1.439,0.96,0.635,0.531,0.039,0.099,2018,-3.2441936328524905,-2.312635428847547,0,0,0,0,0,1
507,37,Trinidad & Tobago,38,6.192,1.492,1.223,0.564,0.575,0.019,0.171,2018,-3.9633162998156966,-1.7660917224794772,1,0,0,0,0,0
508,38,Slovakia,39,6.172999999999999,1.537,1.21,0.7759999999999999,0.354,0.014,0.118,2018,-4.268697949366879,-2.137070654516472,0,0,0,1,0,0
509,39,El Salvador,40,6.167000000000002,1.231,0.8059999999999999,0.639,0.461,0.08199999999999999,0.065,2018,-2.501036031717884,-2.7333680090865,0,0,0,0,1,0
510,40,Nicaragua,41,6.141,1.319,0.6679999999999999,0.7,0.527,0.128,0.208,2018,-2.05572501506252,-1.5702171992808192,0,0,0,0,1,0
511,41,Poland,42,6.122999999999998,1.4480000000000002,1.176,0.7809999999999999,0.546,0.064,0.108,2018,-2.7488721956224653,-2.2256240518579173,0,0,0,1,0,0
512,42,Bahrain,43,6.105,1.366,1.338,0.698,0.594,0.123,0.243,2018,-2.0955709236097197,-1.4146938356415886,0,1,0,0,0,0
513,43,Uzbekistan,44,6.096,1.584,0.7190000000000001,0.605,0.7240000000000001,0.259,0.328,2018,-1.3509272172825992,-1.1147416705979933,0,1,0,0,0,0
514,44,Kuwait,45,6.082999999999998,1.301,1.474,0.675,0.5539999999999999,0.106,0.16699999999999998,2018,-2.24431618487007,-1.789761466565382,0,1,0,0,0,0
515,45,Thailand,46,6.072,1.4169999999999998,1.016,0.7070000000000001,0.637,0.029,0.364,2018,-3.540459448995663,-1.0106014113453965,0,1,0,0,0,0
516,46,Italy,47,6.0,1.501,1.264,0.946,0.281,0.028,0.13699999999999998,2018,-3.575550768806933,-1.9877743531540122,0,0,0,1,0,0
517,47,Ecuador,48,5.973,1.33,0.889,0.736,0.556,0.12,0.114,2018,-2.120263536200091,-2.1715568305876416,0,0,0,0,0,1
518,48,Belize,49,5.956,1.101,0.807,0.474,0.593,0.08900000000000001,0.183,2018,-2.419118909249997,-1.6982691261407161,0,0,0,0,1,0
519,49,Lithuania,50,5.952000000000001,1.527,1.197,0.716,0.35,0.006,0.026,2018,-5.115995809754082,-3.649658740960655,0,0,0,1,0,0
520,50,Slovenia,51,5.948,1.506,1.219,0.856,0.633,0.051,0.16,2018,-2.9759296462578115,-1.8325814637483102,0,0,0,1,0,0
521,51,Romania,52,5.945,1.219,1.116,0.726,0.528,0.001,0.08800000000000001,2018,-6.907755278982137,-2.4304184645039304,0,0,0,1,0,0
522,52,Latvia,53,5.933,1.454,1.148,0.6709999999999999,0.363,0.066,0.092,2018,-2.7181005369557116,-2.385966701933097,0,0,0,1,0,0
523,53,Japan,54,5.915,1.462,1.294,0.988,0.5529999999999999,0.15,0.079,2018,-1.8971199848858813,-2.5383074265151158,0,1,0,0,0,0
524,54,Mauritius,55,5.891,1.3869999999999998,1.09,0.684,0.584,0.05,0.245,2018,-2.995732273553991,-1.40649706843741,1,0,0,0,0,0
525,55,Jamaica,56,5.89,1.493,0.8190000000000001,0.693,0.575,0.031,0.096,2018,-3.473768074496991,-2.3434070875143007,0,0,0,0,1,0
526,56,South Korea,57,5.875,1.204,1.266,0.955,0.244,0.051,0.175,2018,-2.9759296462578115,-1.742969305058623,0,1,0,0,0,0
527,57,Northern Cyprus,58,5.835,1.211,1.229,0.909,0.495,0.154,0.179,2018,-1.870802676568508,-1.720369473141382,1,0,0,0,0,0
528,58,Russia,59,5.81,1.479,1.151,0.599,0.399,0.025,0.065,2018,-3.6888794541139363,-2.7333680090865,0,0,0,1,0,0
529,59,Kazakhstan,60,5.79,1.516,1.143,0.631,0.454,0.121,0.14800000000000002,2018,-2.111964733385396,-1.910543005218022,0,1,0,0,0,0
530,60,Cyprus,61,5.7620000000000005,1.1909999999999998,1.229,0.909,0.423,0.035,0.202,2018,-3.3524072174927233,-1.5994875815809322,0,0,0,1,0,0
531,61,Bolivia,62,5.752000000000002,1.223,0.7509999999999999,0.508,0.606,0.054000000000000006,0.141,2018,-2.9187712324178627,-1.9589953886039688,0,0,0,0,0,1
532,62,Estonia,63,5.739,1.5319999999999998,1.2,0.737,0.5529999999999999,0.174,0.086,2018,-1.7486999797676082,-2.4534079827286295,0,0,0,1,0,0
533,63,Paraguay,64,5.681,1.5219999999999998,0.835,0.615,0.541,0.07400000000000001,0.162,2018,-2.603690185777967,-1.820158943749753,0,0,0,0,0,1
534,64,Peru,65,5.6629999999999985,1.249,0.934,0.674,0.53,0.034,0.092,2018,-3.3813947543659757,-2.385966701933097,0,0,0,0,0,1
535,65,Kosovo,66,5.662000000000001,1.23,0.855,0.578,0.448,0.023,0.274,2018,-3.7722610630529876,-1.2946271725940668,0,0,0,1,0,0
536,66,Moldova,67,5.64,1.301,0.657,0.62,0.232,0.0,0.171,2018,0.0,-1.7660917224794772,0,0,0,1,0,0
537,67,Turkmenistan,68,5.636,1.533,1.016,0.517,0.417,0.037000000000000005,0.199,2018,-3.2968373663379125,-1.6144504542576446,0,1,0,0,0,0
538,68,Hungary,69,5.62,1.401,1.171,0.732,0.259,0.022,0.061,2018,-3.816712825623821,-2.796881414808826,0,0,0,1,0,0
539,69,Libya,70,5.566,1.35,0.985,0.5529999999999999,0.496,0.14800000000000002,0.116,2018,-1.910543005218022,-2.1541650878757723,1,0,0,0,0,0
540,70,Philippines,71,5.524,1.3119999999999998,0.775,0.513,0.643,0.105,0.12,2018,-2.2537949288246137,-2.120263536200091,0,1,0,0,0,0
541,71,Honduras,72,5.504,1.205,0.62,0.622,0.459,0.07400000000000001,0.197,2018,-2.603690185777967,-1.6245515502441485,0,0,0,0,1,0
542,72,Belarus,73,5.483,1.4980000000000002,1.039,0.7,0.307,0.154,0.101,2018,-1.870802676568508,-2.2926347621408776,0,0,0,1,0,0
543,73,Turkey,74,5.483,1.38,1.148,0.6859999999999999,0.324,0.109,0.106,2018,-2.2164073967529934,-2.24431618487007,0,1,0,0,0,0
544,74,Pakistan,75,5.472,0.81,0.652,0.424,0.334,0.113,0.21600000000000005,2018,-2.1803674602697964,-1.5324768712979717,0,1,0,0,0,0
545,75,Hong Kong,76,5.43,1.29,1.405,1.03,0.524,0.29100000000000004,0.246,2018,-1.2344320118106444,-1.4024237430497744,1,0,0,0,0,0
546,76,Portugal,77,5.41,1.429,1.188,0.884,0.562,0.017,0.055,2018,-4.074541934925921,-2.900422093749666,0,0,0,1,0,0
547,77,Serbia,78,5.398,1.369,0.975,0.685,0.28800000000000003,0.043,0.134,2018,-3.146555163288575,-2.0099154790312257,0,0,0,1,0,0
548,78,Greece,79,5.358,1.202,1.154,0.879,0.131,0.044,0.0,2018,-3.123565645063876,0.0,0,0,0,1,0,0
549,79,Tajikistan,80,5.358,1.179,0.474,0.598,0.503,0.136,0.214,2018,-1.995100393246085,-1.5417792639602856,0,1,0,0,0,0
550,80,Montenegro,81,5.347,1.279,1.017,0.7290000000000001,0.259,0.081,0.111,2018,-2.513306124309698,-2.198225077669803,0,0,0,1,0,0
551,81,Croatia,82,5.3210000000000015,1.161,1.115,0.737,0.38,0.039,0.12,2018,-3.2441936328524905,-2.120263536200091,0,0,0,1,0,0
552,82,Dominican Republic,83,5.3020000000000005,1.4409999999999998,0.982,0.614,0.578,0.106,0.12,2018,-2.24431618487007,-2.120263536200091,0,0,0,0,1,0
553,83,Algeria,84,5.295,1.154,0.979,0.687,0.077,0.135,0.055,2018,-2.0024805005437076,-2.900422093749666,1,0,0,0,0,0
554,84,Morocco,85,5.254,0.797,0.779,0.669,0.46,0.07400000000000001,0.026,2018,-2.603690185777967,-3.649658740960655,1,0,0,0,0,0
555,85,China,86,5.246,1.142,0.989,0.799,0.597,0.103,0.029,2018,-2.2730262907525014,-3.540459448995663,0,1,0,0,0,0
556,86,Azerbaijan,87,5.2010000000000005,1.161,1.024,0.603,0.43,0.17600000000000002,0.031,2018,-1.7372712839439852,-3.473768074496991,0,1,0,0,0,0
557,87,Lebanon,88,5.199,1.166,0.965,0.785,0.292,0.034,0.187,2018,-3.3813947543659757,-1.6766466621275504,0,1,0,0,0,0
558,88,Macedonia,89,5.185,1.239,0.959,0.691,0.394,0.052000000000000005,0.173,2018,-2.9565115604007097,-1.7544636844843582,0,0,0,1,0,0
559,89,Jordan,90,5.1610000000000005,1.265,0.8220000000000001,0.645,0.468,0.134,0.13,2018,-2.0099154790312257,-2.0402208285265546,0,1,0,0,0,0
560,90,Nigeria,91,5.155,1.172,0.6890000000000001,0.048,0.462,0.032,0.201,2018,-3.4420193761824103,-1.6044503709230613,1,0,0,0,0,0
561,91,Kyrgyzstan,92,5.131,1.416,0.53,0.594,0.54,0.035,0.281,2018,-3.3524072174927233,-1.2694006096483912,0,1,0,0,0,0
562,92,Bosnia and Herzegovina,93,5.129,1.078,0.915,0.758,0.28,0.0,0.21600000000000005,2018,0.0,-1.5324768712979717,0,0,0,1,0,0
563,93,Mongolia,94,5.125,1.517,0.914,0.575,0.395,0.032,0.253,2018,-3.4420193761824103,-1.374365790254617,0,1,0,0,0,0
564,94,Vietnam,95,5.103,1.365,0.715,0.7020000000000001,0.618,0.079,0.177,2018,-2.5383074265151158,-1.731605546408308,0,1,0,0,0,0
565,95,Indonesia,96,5.093,1.215,0.899,0.522,0.5379999999999999,0.018000000000000002,0.484,2018,-4.017383521085972,-0.7256703722655053,0,1,0,0,0,0
566,96,Bhutan,97,5.082,1.335,0.7959999999999999,0.527,0.541,0.171,0.364,2018,-1.7660917224794772,-1.0106014113453965,0,1,0,0,0,0
567,97,Somalia,98,4.982,0.7120000000000001,0.0,0.115,0.674,0.282,0.238,2018,-1.2658482080440236,-1.4354846053106625,1,0,0,0,0,0
568,98,Cameroon,99,4.975,0.8909999999999999,0.535,0.182,0.454,0.043,0.183,2018,-3.146555163288575,-1.6982691261407161,1,0,0,0,0,0
569,99,Bulgaria,100,4.933,1.515,1.054,0.7120000000000001,0.359,0.009000000000000001,0.064,2018,-4.710530701645918,-2.7488721956224653,0,0,0,1,0,0
570,100,Nepal,101,4.88,1.228,0.425,0.539,0.526,0.078,0.302,2018,-2.551046452292545,-1.1973282616072674,0,1,0,0,0,0
571,101,Venezuela,102,4.806,1.469,0.996,0.657,0.133,0.052000000000000005,0.056,2018,-2.9565115604007097,-2.8824035882469876,0,0,0,0,0,1
572,102,Gabon,103,4.758,1.164,1.036,0.404,0.35600000000000004,0.052000000000000005,0.032,2018,-2.9565115604007097,-3.4420193761824103,1,0,0,0,0,0
573,103,Palestinian Territories,104,4.743,1.217,0.642,0.602,0.266,0.076,0.086,2018,-2.577021938695806,-2.4534079827286295,0,1,0,0,0,0
574,104,South Africa,105,4.724,1.41,0.94,0.33,0.516,0.056,0.103,2018,-2.8824035882469876,-2.2730262907525014,1,0,0,0,0,0
575,105,Iran,106,4.707,0.7709999999999999,1.0590000000000002,0.691,0.459,0.129,0.282,2018,-2.047942874620465,-1.2658482080440236,0,1,0,0,0,0
576,106,Ivory Coast,107,4.671,0.872,0.541,0.08,0.467,0.103,0.146,2018,-2.2730262907525014,-1.9241486572738007,1,0,0,0,0,0
577,107,Ghana,108,4.657,0.8959999999999999,0.5920000000000001,0.337,0.499,0.029,0.212,2018,-3.540459448995663,-1.5511690043101247,1,0,0,0,0,0
578,108,Senegal,109,4.631,1.117,0.429,0.433,0.406,0.08199999999999999,0.138,2018,-2.501036031717884,-1.9805015938249322,1,0,0,0,0,0
579,109,Laos,110,4.623,1.034,0.72,0.441,0.626,0.174,0.23,2018,-1.7486999797676082,-1.4696759700589417,1,0,0,0,0,0
580,110,Tunisia,111,4.592,0.906,0.9,0.69,0.271,0.063,0.04,2018,-2.7646205525906042,-3.2188758248682006,1,0,0,0,0,0
581,111,Albania,112,4.586,0.8170000000000001,0.916,0.79,0.419,0.032,0.149,2018,-3.4420193761824103,-1.903808973036678,0,0,0,1,0,0
582,112,Sierra Leone,113,4.5710000000000015,0.813,0.256,0.0,0.355,0.053,0.238,2018,-2.9374633654300153,-1.4354846053106625,1,0,0,0,0,0
583,113,Congo (Brazzaville),114,4.559,0.8109999999999999,0.682,0.343,0.514,0.077,0.091,2018,-2.563949857128453,-2.396895772465287,1,0,0,0,0,0
584,114,Bangladesh,115,4.5,0.85,0.532,0.579,0.58,0.14400000000000002,0.153,2018,-1.9379419794061363,-1.8773173575897015,0,1,0,0,0,0
585,115,Sri Lanka,116,4.471,1.314,0.918,0.672,0.585,0.05,0.307,2018,-2.995732273553991,-1.18090753139494,0,1,0,0,0,0
586,116,Iraq,117,4.456,0.971,1.01,0.536,0.304,0.095,0.14800000000000002,2018,-2.353878387381596,-1.910543005218022,0,1,0,0,0,0
587,117,Mali,118,4.447,1.233,0.37,0.152,0.3670000000000001,0.056,0.139,2018,-2.8824035882469876,-1.973281345851445,1,0,0,0,0,0
588,118,Namibia,119,4.441,1.281,0.8740000000000001,0.365,0.519,0.064,0.051,2018,-2.7488721956224653,-2.9759296462578115,1,0,0,0,0,0
589,119,Cambodia,120,4.433,1.088,0.5489999999999999,0.457,0.696,0.065,0.256,2018,-2.7333680090865,-1.3625778345025745,0,1,0,0,0,0
590,120,Burkina Faso,121,4.424,1.097,0.314,0.254,0.312,0.128,0.175,2018,-2.05572501506252,-1.742969305058623,1,0,0,0,0,0
591,121,Egypt,122,4.419,1.025,0.885,0.5529999999999999,0.312,0.107,0.092,2018,-2.234926444520231,-2.385966701933097,1,0,0,0,0,0
592,122,Mozambique,123,4.417,0.902,0.198,0.173,0.531,0.158,0.206,2018,-1.8451602459551701,-1.579879110192556,1,0,0,0,0,0
593,123,Kenya,124,4.41,1.048,0.493,0.454,0.504,0.055,0.35200000000000004,2018,-2.900422093749666,-1.0441241033840398,1,0,0,0,0,0
594,124,Zambia,125,4.377,1.047,0.562,0.295,0.503,0.08199999999999999,0.221,2018,-2.501036031717884,-1.5095925774643841,1,0,0,0,0,0
595,125,Mauritania,126,4.356,1.245,0.557,0.292,0.129,0.093,0.134,2018,-2.375155785828881,-2.0099154790312257,1,0,0,0,0,0
596,126,Ethiopia,127,4.35,0.95,0.308,0.391,0.452,0.146,0.22,2018,-1.9241486572738007,-1.5141277326297755,1,0,0,0,0,0
597,127,Georgia,128,4.34,0.5920000000000001,0.853,0.643,0.375,0.215,0.038,2018,-1.5371172508544744,-3.270169119255751,0,1,0,0,0,0
598,128,Armenia,129,4.3210000000000015,0.99,0.816,0.6659999999999999,0.26,0.028,0.077,2018,-3.575550768806933,-2.563949857128453,0,1,0,0,0,0
599,129,Myanmar,130,4.308,1.1740000000000002,0.682,0.429,0.58,0.17800000000000002,0.598,2018,-1.7259717286900518,-0.5141645250315053,0,1,0,0,0,0
600,130,Chad,131,4.301,0.907,0.358,0.053,0.189,0.06,0.181,2018,-2.8134107167600364,-1.7092582477163114,1,0,0,0,0,0
601,131,Congo (Kinshasa),132,4.245,1.136,0.069,0.204,0.312,0.052000000000000005,0.197,2018,-2.9565115604007097,-1.6245515502441485,1,0,0,0,0,0
602,132,India,133,4.19,0.747,0.721,0.485,0.539,0.093,0.172,2018,-2.375155785828881,-1.760260802168684,0,1,0,0,0,0
603,133,Niger,134,4.166,0.867,0.131,0.221,0.39,0.099,0.175,2018,-2.312635428847547,-1.742969305058623,1,0,0,0,0,0
604,134,Uganda,135,4.1610000000000005,1.09,0.322,0.237,0.45,0.061,0.259,2018,-2.796881414808826,-1.3509272172825992,1,0,0,0,0,0
605,135,Benin,136,4.141,0.3720000000000001,0.378,0.24,0.44,0.067,0.163,2018,-2.703062659591171,-1.8140050781753747,1,0,0,0,0,0
606,136,Sudan,137,4.1389999999999985,1.24,0.605,0.312,0.016,0.08199999999999999,0.134,2018,-2.501036031717884,-2.0099154790312257,1,0,0,0,0,0
607,137,Ukraine,138,4.103,1.413,0.7929999999999999,0.609,0.163,0.011,0.187,2018,-4.509860006183766,-1.6766466621275504,0,0,0,1,0,0
608,138,Togo,139,3.999,0.474,0.259,0.253,0.434,0.101,0.158,2018,-2.2926347621408776,-1.8451602459551701,1,0,0,0,0,0
609,139,Guinea,140,3.964,0.792,0.344,0.211,0.394,0.094,0.185,2018,-2.364460496712133,-1.6873994539038122,1,0,0,0,0,0
610,140,Lesotho,141,3.808,1.215,0.472,0.079,0.423,0.112,0.116,2018,-2.1892564076870427,-2.1541650878757723,1,0,0,0,0,0
611,141,Angola,142,3.795,1.125,0.73,0.269,0.0,0.061,0.079,2018,-2.796881414808826,-2.5383074265151158,1,0,0,0,0,0
612,142,Madagascar,143,3.774,0.908,0.262,0.402,0.221,0.049,0.155,2018,-3.0159349808715104,-1.8643301620628905,1,0,0,0,0,0
613,143,Zimbabwe,144,3.692,1.094,0.35700000000000004,0.248,0.406,0.099,0.132,2018,-2.312635428847547,-2.0249533563957662,1,0,0,0,0,0
614,144,Afghanistan,145,3.632,0.537,0.332,0.255,0.085,0.036000000000000004,0.191,2018,-3.324236340526027,-1.6554818509355071,0,1,0,0,0,0
615,145,Botswana,146,3.59,1.1740000000000002,1.017,0.417,0.557,0.092,0.042,2018,-2.385966701933097,-3.170085660698769,1,0,0,0,0,0
616,146,Malawi,147,3.587,0.541,0.18600000000000005,0.306,0.531,0.08,0.21,2018,-2.5257286443082556,-1.5606477482646683,1,0,0,0,0,0
617,147,Haiti,148,3.582,0.7140000000000001,0.315,0.289,0.025,0.104,0.392,2018,-2.2633643798407643,-0.9364934391916745,0,0,0,0,1,0
618,148,Liberia,149,3.495,0.858,0.076,0.267,0.419,0.03,0.206,2018,-3.506557897319982,-1.579879110192556,1,0,0,0,0,0
619,149,Syria,150,3.462,0.382,0.6890000000000001,0.539,0.08800000000000001,0.14400000000000002,0.376,2018,-1.9379419794061363,-0.9781661355922425,0,1,0,0,0,0
620,150,Rwanda,151,3.408,0.8959999999999999,0.332,0.4,0.636,0.444,0.2,2018,-0.8119307165499123,-1.6094379124341003,1,0,0,0,0,0
621,151,Yemen,152,3.355,1.073,0.442,0.343,0.244,0.064,0.083,2018,-2.7488721956224653,-2.488914671185539,0,1,0,0,0,0
622,152,Tanzania,153,3.303,0.991,0.455,0.381,0.481,0.097,0.27,2018,-2.333044300478754,-1.3093333199837622,1,0,0,0,0,0
623,153,South Sudan,154,3.254,0.608,0.337,0.177,0.112,0.106,0.224,2018,-2.24431618487007,-1.4961092271270973,1,0,0,0,0,0
624,154,Central African Republic,155,3.083,0.0,0.024,0.01,0.305,0.038,0.218,2018,-3.270169119255751,-1.523260216193048,1,0,0,0,0,0
625,155,Burundi,156,2.905,0.627,0.091,0.145,0.065,0.076,0.149,2018,-2.577021938695806,-1.903808973036678,1,0,0,0,0,0
